00AF	D-APGS	A319
0121	D-APLC	GL7T
01C3	D-APRI	E190
0583	D-ARCG	GLEX
058B	D-ARCO	GLEX
061D	D-ARIE	FA7X
0699	D-ARMY	E35L
06C1	D-AROM	E35L
07CA	D-ARYR	GLEX
07FC	D-ASAP	E35L
080D	D-ASBG	F900
088D	D-ASGE	A320
0893	D-ASGK	A320
089F	D-ASGW	GL7T
08BB	D-ASHY	GL5T
08BD	D-ASIA	F900
08C9	D-ASIM	FA7X
0928	D-ASMD	B39M
092D	D-ASMI	A319
0936	D-ASMR	A320
09CD	D-ASSM	A319
09D9	D-ASSY	FA7X
09F0	D-ASTV	A321
09F2	D-ASTX	A319
0A4C	D-ASXJ	B738
0AC5	D-ATCA	A321
0AC6	D-ATCB	A321
0AC7	D-ATCC	A321
0AC9	D-ATCE	A321
0ACA	D-ATCF	A321
0ACB	D-ATCG	A321
0ACC	D-ATCH	A320
0BD2	D-ATMJ	CL60
0C0A	D-ATON	FA7X
0C0C	D-ATOP	E35L
0C4B	D-ATRA	A320
0C99	D-ATUA	B738
0C9E	D-ATUF	B738
0CA1	D-ATUI	B738
0CA3	D-ATUK	B738
0CA4	D-ATUL	B738
0CA5	D-ATUM	B738
0CA6	D-ATUN	B738
0CA7	D-ATUO	B738
0CAA	D-ATUR	B738
0CB2	D-ATUZ	B738
0CDB	D-ATWO	CL60
0D08	D-ATYH	B738
0D0C	D-ATYL	B738
0D0D	D-ATYM	B738
0D3A	D-AUAF	A318
0D3C	D-AUAH	A320
0D41	D-AUAM	A20N
0D49	D-AUAU	A320
0D4F	D-AUBA	A20N
0D50	D-AUBB	A320
0D51	D-AUBC	A320
0D52	D-AUBD	A20N
0D53	D-AUBE	A320
0D54	D-AUBF	A320
0D56	D-AUBH	A20N
0D57	D-AUBI	A20N
0D58	D-AUBJ	A20N
0D59	D-AUBK	A20N
0D5A	D-AUBL	A20N
0D5F	D-AUBQ	A20N
0D61	D-AUBS	A20N
0D64	D-AUBV	A20N
0D65	D-AUBW	A320
0D66	D-AUBX	A20N
0D67	D-AUBY	A20N
0D68	D-AUBZ	A20N
0D7A	D-AUCR	F900
0E3D	D-AUKE	CL60
0F0B	D-AUSC	A343
0F22	D-AUSZ	A346
0F31	D-AUTO	GA6C
0F75	D-AUWE	GLEX
0FF3	D-AVBA	GL5T
1150	D-AVOL	B38M
11FB	D-AVVA	A320
11FC	D-AVVB	A320
11FD	D-AVVC	A320
11FE	D-AVVD	A20N
11FF	D-AVVE	A320
1200	D-AVVF	A320
1203	D-AVVI	A20N
1204	D-AVVJ	A320
1205	D-AVVK	A20N
1206	D-AVVL	A20N
1207	D-AVVM	A20N
1208	D-AVVN	A20N
1209	D-AVVO	A320
120B	D-AVVQ	A20N
120C	D-AVVR	A20N
120D	D-AVVS	A20N
120F	D-AVVU	A20N
1210	D-AVVV	A20N
1211	D-AVVW	A20N
1212	D-AVVX	A20N
1213	D-AVVY	A320
1214	D-AVVZ	A320
1215	D-AVWA	A319
121B	D-AVWG	A19N
121E	D-AVWJ	A319
121F	D-AVWK	A19N
1222	D-AVWN	A19N
1224	D-AVWP	A19N
1225	D-AVWQ	A19N
1226	D-AVWR	A19N
1227	D-AVWS	A19N
1228	D-AVWT	A19N
1229	D-AVWU	A19N
122A	D-AVWV	A19N
122B	D-AVWW	A19N
122C	D-AVWX	A19N
122D	D-AVWY	A19N
122E	D-AVWZ	A19N
122F	D-AVXA	A321
1230	D-AVXB	A21N
1231	D-AXVC	A21N
1232	D-AVXD	A21N
1233	D-AVXE	A319
1234	D-AVXF	A319
1235	D-AVXG	A321
1236	D-AVXH	A321
1237	D-AVXI	A319
1238	D-AVXJ	A21N
1239	D-AVXK	A21N
123A	D-AVXL	A319
123B	D-AVXM	A319
123C	D-AVXN	A319
123D	D-AVXO	A321
123E	D-AVXP	A321
123F	D-AVXQ	A319
1240	D-AVXR	A21N
1241	D-AVXS	A21N
1242	D-AVXT	A21N
1243	D-AVXU	A321
1244	D-AVXV	A21N
1245	D-AVXW	A21N
1246	D-AVXX	A21N
1248	D-AVXZ	A21N
1249	D-AVYA	A319
124A	D-AVYB	A21N
124B	D-AVYC	A319
124C	D-AVYD	A319
124D	D-AVYE	A21N
124E	D-AVYF	A321
124F	D-AVYG	A21N
1250	D-AVYH	A21N
1251	D-AVYI	A319
1252	D-AVYJ	A319
1253	D-AVYK	A319
1254	D-AVYL	A319
1255	D-AVYM	A319
1256	D-AVYN	A321
1257	D-AVYO	A21N
1258	D-AVYP	A21N
1259	D-AVYQ	A319
125A	D-AVYR	A21N
125B	D-AVYS	A319
125D	D-AVYU	A319
125E	D-AVYV	A319
125F	D-AVYW	A319
1260	D-AVYX	A319
1261	D-AVYY	A21N
1262	D-AVYZ	A21N
1263	D-AVZA	A321
1264	D-AVZB	A321
1265	D-AVZC	A321
1266	D-AVZD	A321
1267	D-AVZE	A21N
1268	D-AVZF	A21N
126A	D-AVZH	A321
126B	D-AVZI	A321
126C	D-AVZJ	A321
126D	D-AVZK	A21N
126E	D-AVZL	A321
126F	D-AVZM	A21N
1270	D-AVZN	A21N
1271	D-AVZO	A21N
1272	D-AVZP	A321
1273	D-AVZQ	A21N
1274	D-AVZR	A21N
1275	D-AVZS	A21N
1276	D-AVZT	A21N
1277	D-AVZU	A321
1278	D-AVZV	A21N
1279	D-AVZW	A321
127B	D-AVZY	A321
127C	D-AVZZ	A321
135A	D-AWIN	E35L
13FF	D-AWOW	E190
1459	D-AWSI	E190
1521	D-AXAA	A320
1522	D-AXAB	A320
1523	D-AXAC	A320
1524	D-AXAD	A320
1525	D-AXAE	E300
1527	D-AXAG	A20N
1528	D-AXAH	A20N
152C	D-AXAL	A320
152D	D-AXAM	A320
152F	D-AXAO	A20N
1533	D-AXAS	A20N
1597	D-AXEO	A333
15BD	D-AXGA	A332
15BE	D-AXGB	A332
15BF	D-AXGC	A332
15C1	D-AXGE	A332
15C2	D-AXGF	A332
15C3	D-AXGG	A332
171B	D-AXTM	GLEX
1777	D-AXXA	A21N
1778	D-AXXB	A21N
1779	D-AXXC	A21N
177A	D-AXXD	A21N
177B	D-AXXE	A21N
177C	D-AXXF	A21N
177D	D-AXXG	A21N
177E	D-AXXH	A21N
177F	D-AXXI	A21N
1780	D-AXXJ	A21N
1781	D-AXXK	A21N
1782	D-AXXL	A21N
1783	D-AXXM	A21N
1784	D-AXXN	A21N
1785	D-AXXO	A21N
1786	D-AXXP	A21N
1787	D-AXXQ	A21N
1788	D-AXXR	A21N
1789	D-AXXS	A21N
178A	D-AXXT	A21N
178B	D-AXXU	A21N
178C	D-AXXV	A21N
178D	D-AXXW	A21N
178E	D-AXXX	B738
1790	D-AXXZ	A21N
17C5	D-AYAA	A21N
17C6	D-AYAB	A21N
17C7	D-AYAC	A21N
17C8	D-AYAD	A321
17C9	D-AYAE	A21N
17CA	D-AYAF	A21N
17CB	D-AYAG	A21N
17CC	D-AYAH	A21N
17CD	D-AYAI	A21N
17CE	D-AYAJ	A321
17CF	D-AYAK	A21N
17D0	D-AYAL	A21N
17D1	D-AYAM	A21N
17D2	D-AYAN	A321
17D3	D-AYAO	A21N
17D4	D-AYAP	A21N
17D5	D-AYAQ	A21N
17D6	D-AYAR	A21N
17D7	D-AYAS	A21N
17D8	D-AYAT	A21N
17D9	D-AYAU	A21N
17DA	D-AYAV	A21N
17DB	D-AYAW	A21N
17DC	D-AYAX	A21N
17DD	D-AYAY	A21N
17DE	D-AYAZ	A21N
1A69	D-AZAA	A321
1A6A	D-AZAB	A321
1A6B	D-AZAC	A21N
1A6C	D-AZAD	A321
1A6D	D-AZAE	A321
1A6E	D-AZAF	A21N
1A6F	D-AZAG	A321
1A70	D-AZAH	A21N
1A71	D-AZAI	A21N
1A72	D-AZAJ	A21N
1A73	D-AZAK	A321
1A74	D-AZAL	A21N
1A75	D-AZAM	A321
1A76	D-AZAN	A321
1A77	D-AZAO	A21N
1A78	D-AZAP	A21N
1A79	D-AZAQ	A321
1A7A	D-AZAR	A321
1A7B	D-AZAS	A321
1A7C	D-AZAT	A321
1A7D	D-AZAU	A21N
1A7E	D-AZAV	A21N
1A7F	D-AZAW	A21N
1A80	D-AZAX	A321
1A81	D-AZAY	A21N
1A82	D-AZAZ	A21N
1AEB	D-AZFA	E190
1BAB	D-AZMK	A306
1BAC	D-AZML	A306
1BAD	D-AZMM	A30B
1BAE	D-AZMN	A306
1BAF	D-AZMO	A306
1BB0	D-AZMP	A306
1BB1	D-AZMQ	A306
1C82	D-AZUR	E35L
1CA5	D-AZWA	A21N
1CA6	D-AZWB	A21N
1CA7	D-AZWC	A21N
1CA8	D-AZWD	A21N
1CA9	D-AZWE	A21N
1CAA	D-AZWF	A21N
1CAB	D-AZWG	A21N
1CAC	D-AZWH	A21N
1CAE	D-AZWJ	A21N
1CB1	D-AZWM	A21N
1CB2	D-AZWN	A21N
1CB3	D-AZWO	A21N
1CB5	D-AZWQ	A21N
1CB6	D-AZWR	A21N
1CB8	D-AZWT	A21N
1CB9	D-AZWU	A21N
1CBA	D-AZWV	A21N
1CBB	D-AZWW	A21N
1CBC	D-AZWX	A21N
1CBD	D-AZWY	A21N
1CBE	D-AZWZ	A21N
1CBF	D-AZXA	A21N
1CC0	D-AZXB	A21N
1CC1	D-AZXC	A21N
1CC2	D-AZXD	A21N
1CC3	D-AZXE	A21N
1CC4	D-AZXF	A21N
1CC5	D-AZXG	A21N
1CC6	D-AZXH	A21N
1CC7	D-AZXI	A321
1CC8	D-AZXJ	A21N
1CC9	D-AZXK	A21N
1CCA	D-AZXL	A21N
1CCB	D-AZXM	A21N
1CCC	D-AZXN	A21N
1CCD	D-AZXO	A21N
1CCE	D-AZXP	A21N
1CCF	D-AZXQ	A21N
1CD0	D-AZXR	A21N
1CD1	D-AZXS	A21N
1CD2	D-AZXT	A21N
1CD3	D-AZXU	A21N
1CD4	D-AZXV	A21N
1CD5	D-AZXW	A21N
1CD6	D-AZXX	A21N
1CD7	D-AZXY	A21N
1CD8	D-AZXZ	A21N
1CD9	D-AZYA	A21N
1CDA	D-AZYB	A21N
1CDB	D-AZYC	A21N
1CDC	D-AZYD	A21N
1CDD	D-AZYE	A21N
1CDE	D-AZYF	A21N
1CDF	D-AZYG	A21N
1CE0	D-AZYH	A21N
1CE1	D-AZYI	A21N
1CE2	D-AZYJ	A21N
1CE3	D-AZYK	A21N
1CE4	D-AZYL	A21N
1CE5	D-AZYM	A21N
1CE6	D-AZYN	A21N
1CE7	D-AZYO	A21N
1CE8	D-AZYP	A21N
1CE9	D-AZYQ	A21N
1CEA	D-AZYR	A21N
1CEB	D-AZYS	A21N
1CEC	D-AZYT	A21N
1CED	D-AZYU	A21N
1CEE	D-AZYV	A21N
1CF0	D-AZYX	A21N
1CF1	D-AZYY	A21N
1CF2	D-AZYZ	A21N
20CE	D-BPHX	E545
2141	D-BPMI	CL35
2855	D-BSEA	J328
2D57	D-BUBI	CL30
2EFD	D-BURO	CL30
308F	D-BVHA	F2TH
39DF	VH-MWH	BE20	A
442C	D-AAAL	A345
442D	D-AAAM	A321
4431	D-AAAQ	A332
4432	D-AAAR	A346
4433	D-AAAS	A332
4436	D-AAAV	A333
4438	D-AAAX	CL60
4439	D-AAAY	CL60
443A	D-AAAZ	A346
4441	D-AABA	A321
4445	D-AABE	A321
4465	D-AACE	B38M
4485	D-AADE	A359
4486	D-AADF	A359
4487	D-AADG	A359
4493	D-AADS	A321
44A5	D-AAEE	A333
44AD	D-AAEM	GLF6
44B0	D-AAEP	A321
44B3	D-AAES	A320
44B5	D-AAEU	A359
44C3	D-AAFC	A320
450F	D-AAHO	E35L
4581	D-AALA	B77L
4582	D-AALB	B77L
4583	D-AALC	B77L
4584	D-AALD	B77L
4585	D-AALE	B77L
4586	D-AALF	B77L
4587	D-AALG	B77L
4588	D-AALH	B77L
4589	D-AALI	B77L
458A	D-AALJ	B77L
458B	D-AALK	B77L
458C	D-AALL	B77L
458D	D-AALM	B77L
458E	D-AALN	B77L
458F	D-AALO	B77L
4590	D-AALP	B77L
4591	D-AALQ	B77L
4592	D-AALR	B77L
4593	D-AALS	B77L
4594	D-AALT	B77L
4595	D-AALU	B77L
4596	D-AALV	B77L
4597	D-AALW	B77L
4598	D-AALX	B77L
4599	D-AALY	B77L
459A	D-AALZ	B77L
45C4	D-AAND	FA8X
4667	D-AASG	DH8D
4668	D-AASH	DH8D
4681	D-AATA	A320
4682	D-AATB	A321
4748	D-AAZH	A320
4839	D-ABAY	GL7T
4841	D-ABBA	F900
4864	D-ABCD	CL60
486D	D-ABCM	A321
486E	D-ABCN	A321
4890	D-ABDP	A320
48A2	D-ABEB	B733
48A9	D-ABEI	FA6X
48B9	D-ABEY	CL60
48D0	D-ABFP	A320
48E8	D-ABGH	A319
48EA	D-ABGJ	A319
48EB	D-ABGK	A319
48EE	D-ABGN	A319
48EF	D-ABGO	A319
48F0	D-ABGP	A319
48F1	D-ABGQ	A319
48F2	D-ABGR	A319
48F3	D-ABGS	A319
4902	D-ABHB	A320
4903	D-ABHC	A320
4906	D-ABHF	A320
4907	D-ABHG	A320
4926	D-ABIF	B735
4961	D-ABKA	B738
4965	D-ABKE	E190
4969	D-ABKI	B738
496A	D-ABKJ	B738
496D	D-ABKM	B738
496E	D-ABKN	B738
49B1	D-ABMQ	B738
49B2	D-ABMR	GA5C
49B5	D-ABMU	B738
49B7	D-ABMW	GA6C
49C8	D-ABNH	A320
49CA	D-ABNJ	A320
49CB	D-ABNK	A320
49CC	D-ABNL	A320
49CD	D-ABNM	A320
49CE	D-ABNN	A320
49CF	D-ABNO	A320
49D1	D-ABNQ	A320
49D4	D-ABNT	A320
49D5	D-ABNU	A320
49D6	D-ABNV	A320
49E1	D-ABOA	B753
49E2	D-ABOB	B753
49E3	D-ABOC	B753
49E6	D-ABOF	B753
49E7	D-ABOG	B753
49E8	D-ABOH	B753
49E9	D-ABOI	B753
49EA	D-ABOJ	B753
49EB	D-ABOK	B753
49EC	D-ABOL	B753
49ED	D-ABOM	B753
49EE	D-ABON	B753
4A01	D-ABPA	B789
4A02	D-ABPB	B789
4A03	D-ABPC	B789
4A04	D-ABPD	B789
4A06	D-ABPF	B789
4A07	D-ABPG	B789
4A09	D-ABPI	B789
4A0A	D-ABPJ	B789
4A0B	D-ABPK	B789
4A0C	D-ABPL	B789
4A0D	D-ABPM	B789
4A0F	D-ABPO	B789
4A10	D-ABPP	B789
4A11	D-ABPQ	B789
4A12	D-ABPR	B789
4A13	D-ABPS	B789
4A14	D-ABPT	B789
4A15	D-ABPU	B789
4A21	D-ABQA	B789
4A22	D-ABQB	B789
4A23	D-ABQC	B789
4A24	D-ABQD	B789
4A26	D-ABQF	DH8D
4A27	D-ABQG	DH8D
4A28	D-ABQH	DH8D
4A2B	D-ABQK	DH8D
4A2F	D-ABQO	DH8D
4A30	D-ABQP	DH8D
4A31	D-ABQQ	DH8D
4A87	D-ABTG	B779
4A88	D-ABTH	B744
4A8B	D-ABTK	B744
4A8C	D-ABTL	B744
4AA2	D-ABUB	B763
4AA3	D-ABUC	B763
4AA4	D-ABUD	B763
4AA8	D-ABUH	B763
4AA9	D-ABUI	B763
4AAB	D-ABUK	B763
4AB0	D-ABUP	B763
4ACB	D-ABVK	B744
4ACD	D-ABVM	B744
4ACF	D-ABVO	B744
4AD2	D-ABVR	B744
4AD3	D-ABVS	B744
4AD4	D-ABVT	B744
4AD5	D-ABVU	B744
4AD7	D-ABVW	B744
4AD8	D-ABVX	B744
4AD9	D-ABVY	B744
4ADA	D-ABVZ	B744
4B01	D-ABXA	A332
4B21	D-ABYA	B748
4B23	D-ABYC	B748
4B24	D-ABYD	B748
4B26	D-ABYF	B748
4B27	D-ABYG	B748
4B28	D-ABYH	B748
4B29	D-ABYI	B748
4B2A	D-ABYJ	B748
4B2B	D-ABYK	B748
4B2C	D-ABYL	B748
4B2D	D-ABYM	B748
4B2E	D-ABYN	B748
4B2F	D-ABYO	B748
4B30	D-ABYP	B748
4B31	D-ABYQ	B748
4B32	D-ABYR	B748
4B33	D-ABYS	B748
4B34	D-ABYT	B748
4B35	D-ABYU	B748
4B36	D-ABYV	B748
4B41	D-ABZA	A320
4B45	D-ABZE	A320
4B49	D-ABZI	A320
4B4A	D-ABZJ	A320
4B4B	D-ABZK	A320
4B4C	D-ABZL	A320
4B4E	D-ABZN	A320
4C4E	D-ACBN	A319
4C63	D-ACCC	GLEX
4C66	D-ACCF	GLEX
4C83	D-ACDC	FA6X
4CB6	D-ACEV	GLEX
4CCC	D-ACFL	FA7X
4D4A	D-ACJJ	E190
4D62	D-ACKB	CRJ9
4D63	D-ACKC	CRJ9
4D64	D-ACKD	CRJ9
4D69	D-ACKI	CRJ9
4D6C	D-ACKL	CRJ9
4D87	D-ACLG	B734
4D8F	D-ACLO	B734
4D97	D-ACLW	B734
4D98	D-ACLX	B734
4DC1	D-ACNA	CRJ9
4DC2	D-ACNB	CRJ9
4DC3	D-ACNC	CRJ9
4DC4	D-ACND	CRJ9
4DC5	D-ACNE	CRJ9
4DC6	D-ACNF	CRJ9
4DC7	D-ACNG	CRJ9
4DC8	D-ACNH	CRJ9
4DC9	D-ACNI	CRJ9
4DCA	D-ACNJ	CRJ9
4DCB	D-ACNK	CRJ9
4DCC	D-ACNL	CRJ9
4DCD	D-ACNM	CRJ9
4DCE	D-ACNN	CRJ9
4DCF	D-ACNO	CRJ9
4DD0	D-ACNP	CRJ9
4DD1	D-ACNQ	CRJ9
4DD2	D-ACNR	CRJ9
4DD4	D-ACNT	CRJ9
4DD5	D-ACNU	CRJ9
4DD6	D-ACNV	CRJ9
4DD7	D-ACNW	CRJ9
4DD8	D-ACNX	CRJ9
4EC7	D-ACVG	A333
5099	D-ADDY	A320
5189	D-ADLI	GLF6
5192	D-ADLR	GLF5
5421	D-AEAA	A306
5422	D-AEAB	A306
5423	D-AEAC	A306
5424	D-AEAD	A306
5425	D-AEAE	A306
5426	D-AEAF	A306
5427	D-AEAG	A306
5428	D-AEAH	A306
5429	D-AEAI	A306
542A	D-AEAJ	A306
542B	D-AEAK	A306
542C	D-AEAL	A306
542D	D-AEAM	A306
542E	D-AEAN	A306
542F	D-AEAO	A306
5430	D-AEAP	A306
5431	D-AEAQ	A306
5432	D-AEAR	A306
5433	D-AEAS	A306
5434	D-AEAT	A306
5441	D-AEBA	E190
5442	D-AEBB	E195
5445	D-AEBE	E190
5448	D-AEBH	E190
5452	D-AEBR	E190
5466	D-AECF	E190
5467	D-AECG	E190
5468	D-AECH	E190
54A1	D-AEEA	A21N
54A2	D-AEEB	A21N
54A3	D-AECC	A21N
54A4	D-AEED	A21N
54A5	D-AEEE	A21N
5521	D-AEIA	A19N
55A3	D-AEMC	E190
55C1	D-AENA	A20N
55C2	D-AENB	A20N
55C3	D-AENC	A20N
55C5	D-AENE	A20N
55C6	D-AENF	A20N
55C7	D-AENG	A20N
55C8	D-AENH	A20N
55C9	D-AENI	A20N
55ED	D-AEOM	CL60
55F4	D-AEOT	E35L
5641	D-AERA	B77L
5642	D-AERB	B77L
564F	D-AERO	E35L
56A1	D-AEUA	A321
56A2	D-AEUB	A321
56A3	D-AEUC	A321
56A9	D-AEUI	A321
56AA	D-AEUJ	A321
56E1	D-AEWA	A320
56E2	D-AEWB	A320
56E3	D-AEWC	A320
56E4	D-AEWD	A320
56EA	D-AEWJ	A320
56EB	D-AEWK	A320
56EC	D-AEWL	A320
56ED	D-AEWM	A320
56EE	D-AEWN	A320
56EF	D-AEWO	A320
56F0	D-AEWP	A320
56F1	D-AEWQ	A320
56F2	D-AEWR	A320
56F3	D-AEWS	A320
56F4	D-AEWT	A320
56F5	D-AEWU	A320
56F6	D-AEWV	A320
56F7	D-AEWW	A320
56F8	D-AEWX	A320
5821	D-AFAA	CL60
5822	D-AFAB	CL60
5824	D-AFAD	CL60
5827	D-AFAG	CL60
5829	D-AFAI	CL60
582D	D-AFAM	GLEX
582E	D-AFAN	CRJ2
582F	D-AFAO	GLEX
5835	D-AFAU	GLEX
5853	D-AFBS	E35L
5999	D-AFLY	F900
5AAE	D-AFUN	E35L
5B31	D-AFYQ	A333
5B32	D-AFYR	A333
5C41	D-AGBA	FA8X
5C42	D-AGBB	FA8X
5C45	D-AGBE	FA7X
5C46	D-AGBF	FA7X
5C48	D-AGBH	FA7X
5C49	D-AGBI	FA7X
5CAE	D-AGEN	B737
5CEC	D-AGGL	GLEX
5D8F	D-AGLO	GL7T
5DB0	D-AGMP	E190
5E4F	D-AGRO	GLEX
5ED4	D-AGVT	A359
5EE1	D-AGWA	A319
5EE2	D-AGWB	A319
5EE3	D-AGWC	A319
5EE4	D-AGWD	A319
5EE5	D-AGWE	A319
5EE6	D-AGWF	A319
5EE7	D-AGWG	A319
5EE8	D-AGWH	A319
5EE9	D-AGWI	A319
5EEA	D-AGWJ	A319
5EEB	D-AGWK	A319
5EEC	D-AGWL	A319
5EED	D-AGWM	A319
5EEE	D-AGWN	A319
5EEF	D-AGWO	A319
5EF0	D-AGWP	A319
5EF2	D-AGWR	A319
5EF4	D-AGWT	A319
5EF5	D-AGWU	A319
5EF6	D-AGWV	A319
5EF7	D-AGWW	A319
5EF8	D-AGWX	A319
60B2	D-AHER	F900
60D6	D-AHFV	B738
618B	D-AHLK	B738
61E9	D-AHOI	E35L
61F3	D-AHOS	E35L
61F8	D-AHOX	E35L
61F9	D-AHOY	F900
624E	D-AHRN	F900
6254	D-AHRT	F900
6305	D-AHXE	B737
6306	D-AHXF	B737
6307	D-AHXG	B737
6421	D-AIAA	A321
6422	D-AIAB	A321
6424	D-AIAD	A321
6425	D-AIAE	A321
6426	D-AIAF	A321
6427	D-AIAG	A321
6429	D-AIAI	A321
6433	D-AIAS	A321
6441	D-AIBA	A319
6442	D-AIBB	A319
6443	D-AIBC	A319
6444	D-AIBD	A319
6445	D-AIBE	A319
6446	D-AIBF	A319
6447	D-AIBG	A319
6448	D-AIBH	A319
6449	D-AIBI	A319
644A	D-AIBJ	A319
644B	D-AIBK	A319
644C	D-AIBL	A319
644D	D-AIBM	A319
644E	D-AIBN	A319
644F	D-AIBO	A319
6450	D-AIBP	A319
6451	D-AIBQ	A319
6461	D-AICA	A320
6463	D-AICC	A320
6464	D-AICD	A320
6467	D-AICG	A320
6468	D-AICH	A320
6469	D-AICI	A320
646B	D-AICK	A320
646C	D-AICL	A320
6472	D-AICR	A320
6473	D-AICS	A320
6474	D-AICT	A320
6475	D-AICU	A320
6481	D-AIDA	A321
6482	D-AIDB	A321
6483	D-AIDC	A321
6484	D-AIDD	A321
6485	D-AIDE	A321
6486	D-AIDF	A321
6487	D-AIDG	A321
6488	D-AIDH	A321
6489	D-AIDI	A321
648A	D-AIDJ	A321
648B	D-AIDK	A321
648C	D-AIDL	A321
648D	D-AIDM	A321
648E	D-AIDN	A321
648F	D-AIDO	A321
6490	D-AIDP	A321
6491	D-AIDQ	A321
6494	D-AIDT	A321
6495	D-AIDU	A321
6496	D-AIDV	A321
6497	D-AIDW	A321
6498	D-AIDX	A321
64A1	D-AIEA	A21N
64A2	D-AIEB	A21N
64A3	D-AIEC	A21N
64A4	D-AIED	A21N
64A5	D-AIEE	A21N
64A6	D-AIEF	A21N
64A7	D-AIEG	A21N
64A8	D-AIEH	A21N
64A9	D-AIEI	A21N
64AA	D-AIEJ	A21N
64AB	D-AIEK	A21N
64AC	D-AIEL	A21N
64AD	D-AIEM	A21N
64AE	D-AIEN	A21N
64AF	D-AIEO	A21N
64B0	D-AIEP	A21N
64B1	D-AIEQ	A21N
64C1	D-AIFA	A343
64C3	D-AIFC	A343
64C4	D-AIFD	A343
64C5	D-AIFE	A343
64C6	D-AIFF	A343
64C8	D-AIFH	FA7X
64EC	D-AIGL	A343
64ED	D-AIGM	A343
64EE	D-AIGN	A343
64EF	D-AIGO	A343
64F0	D-AIGP	A343
64F3	D-AIGS	A343
64F4	D-AIGT	A343
64F5	D-AIGU	A343
64F6	D-AIGV	A343
64F7	D-AIGW	A343
64F8	D-AIGX	A343
64F9	D-AIGY	A343
64FA	D-AIGZ	A343
6501	D-AIHA	A346
6502	D-AIHB	A346
6503	D-AIHC	A346
6504	D-AIHD	A346
6505	D-AIHE	A346
6506	D-AIHF	A346
6508	D-AIHH	A346
6509	D-AIHI	A346
650B	D-AIHK	A346
650C	D-AIHL	A346
650D	D-AIHM	A346
650E	D-AIHN	A346
650F	D-AIHO	A346
6510	D-AIHP	A346
6511	D-AIHQ	A346
6512	D-AIHR	A346
6513	D-AIHS	A346
6514	D-AIHT	A346
6515	D-AIHU	A346
6516	D-AIHV	A346
6517	D-AIHW	A346
6518	D-AIHX	A346
6519	D-AIHY	A346
651A	D-AIHZ	A346
6521	D-AIIA	A20N
6522	D-AIIB	A20N
6523	D-AIIC	A20N
6524	D-AIID	A21N
6525	D-AIIE	A20N
6541	D-AIJA	A20N
6542	D-AIJB	A20N
6543	D-AIJC	A20N
6544	D-AIJD	A20N
6545	D-AIJE	A20N
6546	D-AIJF	A20N
6548	D-AIJH	A20N
6549	D-AIJI	A20N
654A	D-AIJJ	A20N
654D	D-AIJM	A20N
654E	D-AIJN	A20N
6550	D-AIJP	A20N
6551	D-AIJQ	A20N
6552	D-AIJR	A20N
6561	D-AIKA	A333
6562	D-AIKB	A333
6563	D-AIKC	A333
6564	D-AIKD	A333
6565	D-AIKE	A333
6566	D-AIKF	A333
6567	D-AIKG	A333
6568	D-AIKH	A333
6569	D-AIKI	A333
656B	D-AIKK	A333
656C	D-AIKL	A333
656D	D-AIKM	A333
656E	D-AIKN	A333
656F	D-AIKO	A333
6570	D-AIKP	A333
6571	D-AIKQ	A333
6572	D-AIKR	A333
6573	D-AIKS	A333
6581	D-AILA	A319
6582	D-AILB	A319
6583	D-AILC	A319
6584	D-AILD	A319
6585	D-AILE	A319
6586	D-AILF	A319
6588	D-AILH	A319
6589	D-AILI	A319
658B	D-AILK	A319
658C	D-AILL	A319
658D	D-AILM	A319
658E	D-AILN	A319
6590	D-AILP	A319
6592	D-AILR	A319
6593	D-AILS	A319
6594	D-AILT	A319
6595	D-AILU	A319
6597	D-AILW	A319
6598	D-AILX	A319
6599	D-AILY	A319
65A1	D-AIMA	A388
65A2	D-AIMB	A388
65A3	D-AIMC	A388
65A4	D-AIMD	A388
65A5	D-AIME	A388
65A6	D-AIMF	A388
65A7	D-AIMG	A388
65A8	D-AIMH	A388
65A9	D-AIMI	A388
65AA	D-AIMJ	A388
65AB	D-AIMK	A388
65AC	D-AIML	A388
65AD	D-AIMM	A388
65AE	D-AIMN	A388
65C1	D-AINA	A20N
65C2	D-AINB	A20N
65C3	D-AINC	A20N
65C4	D-AIND	A20N
65C5	D-AINE	A20N
65C6	D-AINF	A20N
65C7	D-AING	A20N
65C8	D-AINH	A20N
65C9	D-AINI	A20N
65CA	D-AINJ	A20N
65CB	D-AINK	A20N
65CC	D-AINL	A20N
65CD	D-AINM	A20N
65CE	D-AINN	A20N
65CF	D-AINO	A20N
65D0	D-AINP	A20N
65D1	D-AINQ	A20N
65D2	D-AINR	A20N
65D4	D-AINT	A20N
65D5	D-AINU	A20N
65D6	D-AINV	A20N
65D7	D-AINW	A20N
65D8	D-AINX	A20N
65D9	D-AINY	A20N
65DA	D-AINZ	A20N
65E1	D-AIOA	A21N
65E2	D-AIOB	A21N
65E3	D-AIOC	A21N
6601	D-AIPA	A320
6603	D-AIPC	A320
6604	D-AIPD	A320
6605	D-AIPE	A320
6606	D-AIPF	A320
6608	D-AIPH	A320
660C	D-AIPL	A320
660D	D-AIPM	A320
6610	D-AIPP	A320
6612	D-AIPR	A320
6613	D-AIPS	A320
6614	D-AIPT	A320
6615	D-AIPU	A320
6617	D-AIPW	A320
6619	D-AIPY	A320
661A	D-AIPZ	A320
6621	D-AIQA	A320
6624	D-AIQD	A320
6625	D-AIQE	A320
6626	D-AIQF	A320
6628	D-AIQH	A320
662C	D-AIQL	A320
662D	D-AIQM	A320
6630	D-AIQP	A320
6632	D-AIQR	A320
6633	D-AIQS	A320
6634	D-AIQT	A320
6635	D-AIQU	A320
6637	D-AIQW	A320
6641	D-AIRA	A321
6642	D-AIRB	A321
6643	D-AIRC	A321
6644	D-AIRD	A321
6645	D-AIRE	A321
6646	D-AIRF	A321
6647	D-AIRG	E35L
6648	D-AIRH	A321
6649	D-AIRI	GLF6
664B	D-AIRK	A321
664C	D-AIRL	A321
664D	D-AIRM	A321
664E	D-AIRN	A321
664F	D-AIRO	A321
6650	D-AIRP	A321
6652	D-AIRR	A321
6653	D-AIRS	A321
6654	D-AIRT	A321
6655	D-AIRU	A321
6657	D-AIRW	A321
6658	D-AIRX	A321
6659	D-AIRY	A321
665A	D-AIRZ	E35L
6662	D-AISB	A321
6663	D-AISC	A321
6664	D-AISD	A321
6666	D-AISF	A321
6667	D-AISG	A321
6668	D-AISH	A321
6669	D-AISI	A321
666A	D-AISJ	A321
666B	D-AISK	A321
666C	D-AISL	A321
666E	D-AISN	A321
666F	D-AISO	A321
6670	D-AISP	A321
6671	D-AISQ	A321
6672	D-AISR	A321
6674	D-AIST	A321
6675	D-AISU	A321
6676	D-AISV	A321
6677	D-AISW	A321
6678	D-AISX	A321
6679	D-AISY	A319
667A	D-AISZ	A321
66A1	D-AIUA	A320
66A2	D-AIUB	A320
66A3	D-AIUC	A320
66A4	D-AIUD	A320
66A5	D-AIUE	A320
66A6	D-AIUF	A320
66A7	D-AIUG	A320
66A8	D-AIUH	A320
66A9	D-AIUI	A320
66AA	D-AIUJ	A320
66AB	D-AIUK	A320
66AC	D-AIUL	A320
66AD	D-AIUM	A320
66AE	D-AIUN	A320
66AF	D-AIUO	A320
66B0	D-AIUP	A320
66B1	D-AIUQ	A320
66B2	D-AIUR	A320
66B3	D-AIUS	A320
66B4	D-AIUT	A320
66B5	D-AIUU	A320
66B6	D-AIUV	A320
66B7	D-AIUW	A320
66B8	D-AIUX	A320
66B9	D-AIUY	A320
66BA	D-AIUZ	A320
66C1	D-AIVA	A359
66C2	D-AIVB	A359
66C3	D-AIVC	A359
66C4	D-AIVD	A359
66C5	D-AIVE	A359
66E1	D-AIWA	A320
66E2	D-AIWB	A320
66E3	D-AIWC	A320
66E4	D-AIWD	A320
66E5	D-AIWE	A320
66E6	D-AIWF	A320
66E7	D-AIWG	A320
66E8	D-AIWH	A320
66E9	D-AIWI	A320
66EA	D-AIWJ	A320
66EB	D-AIWK	A320
6701	D-AIXA	A359
6702	D-AIXB	A359
6703	D-AIXC	A359
6704	D-AIXD	A359
6705	D-AIXE	A359
6706	D-AIXF	A359
6707	D-AIXG	A359
6708	D-AIXH	A359
6709	D-AIXI	A359
670A	D-AIXJ	A359
670B	D-AIXK	A359
670C	D-AIXL	A359
670D	D-AIXM	A359
670E	D-AIXN	A359
670F	D-AIXO	A359
6710	D-AIXP	A359
6711	D-AIXQ	A359
6712	D-AIXR	A359
6713	D-AIXS	A359
6714	D-AIXT	A359
6715	D-AIXU	A359
6716	D-AIXV	A359
6717	D-AIXW	A359
6718	D-AIXX	A359
6719	D-AIXY	A359
671A	D-AIXZ	A359
6721	D-AIYA	A332
6722	D-AIYB	A332
6723	D-AIYC	A332
6741	D-AIZA	A320
6742	D-AIZB	A320
6743	D-AIZC	A320
6744	D-AIZD	A320
6745	D-AIZE	A320
6746	D-AIZF	A320
6747	D-AIZG	A320
6748	D-AIZH	A320
6749	D-AIZI	A320
674A	D-AIZJ	A320
674B	D-AIZK	A320
674C	D-AIZL	A320
674D	D-AIZM	A320
674E	D-AIZN	A320
674F	D-AIZO	A320
6750	D-AIZP	A320
6751	D-AIZQ	A320
6752	D-AIZR	A320
6753	D-AIZS	A320
6754	D-AIZT	A320
6755	D-AIZU	A320
6756	D-AIZV	A320
6757	D-AIZW	A320
6758	D-AIZX	A320
6759	D-AIZY	A320
675A	D-AIZZ	A320
68B3	D-AJES	F900
68B4	D-AJET	E35L
68CB	D-AJFK	A333
6917	D-AJHW	E190
6C39	D-AKAY	A359
6D43	D-AKJC	E190
6DC8	D-AKNH	A319
6DC9	D-AKNI	A319
6DCA	D-AKNJ	A319
6DCB	D-AKNK	A319
6DCC	D-AKNL	A319
6DCD	D-AKNM	A319
6DCE	D-AKNN	A319
6DCF	D-AKNO	A319
6DD0	D-AKNP	A319
6DD1	D-AKNQ	A319
6DD2	D-AKNR	A319
6DD3	D-AKNS	A319
6DD4	D-AKNT	A319
6DD5	D-AKNU	A319
6DD6	D-AKNV	A319
7087	D-ALDG	FA8X
70A8	D-ALEH	B752
70AA	D-ALEJ	A332
70AB	D-ALEK	B752
70AF	D-ALEO	B752
70B2	D-ALER	B752
70B3	D-ALES	B752
70B4	D-ALET	B752
70B5	D-ALEU	B752
70B7	D-ALEW	B752
70B8	D-ALEX	A319
70C1	D-ALFA	B77L
70C2	D-ALFB	B77L
70C3	D-ALFC	B77L
70C4	D-ALFD	B77L
70C5	D-ALFE	B77L
70C6	D-ALFF	B77L
70C7	D-ALFG	B77L
70C8	D-ALFH	B77L
70C9	D-ALFI	B77L
70CA	D-ALFJ	B77L
70CB	D-ALFK	B77L
70CC	D-ALFL	B77L
70D5	D-ALFU	A20N
712B	D-ALIK	CRJ2
712E	D-ALIN	FA7X
71A1	D-ALMA	A332
71A4	D-ALMD	A332
71A6	D-ALMF	A333
71A7	D-ALMG	A333
71F3	D-ALOS	A332
7207	D-ALPG	A332
7318	D-ALXX	A319
7421	D-AMAA	B38M
7422	D-AMAB	B38M
7424	D-AMAD	B38M
7425	D-AMAE	B38M
7426	D-AMAF	B38M
7427	D-AMAG	B38M
7428	D-AMAH	B38M
7438	D-AMAX	B38M
7439	D-AMAY	B38M
743A	D-AMAZ	B38M
7583	D-AMLC	GLEX
75A5	D-AMME	E145
75EE	D-AMON	GLEX
7607	D-AMPG	GL7T
76EF	D-AMWO	E190
7823	D-ANAC	B733
7861	D-ANCA	A20N
7865	D-ANCE	E35L
786B	D-ANCK	A20N
786C	D-ANCL	A20N
7877	D-ANCW	A20N
7878	D-ANCX	A20N
7879	D-ANCY	A20N
787A	D-ANCZ	A20N
7889	D-ANDI	A320
78AF	D-ANEO	A19N
78E2	D-ANGB	CL60
7941	D-ANJA	A321
7981	D-ANLA	A21N
7982	D-ANLB	A21N
7983	D-ANLC	A21N
7984	D-ANLD	A21N
7985	D-ANLE	A21N
7989	D-ANLI	A21N
79B7	D-ANMW	A21N
79B8	D-ANMX	A21N
79B9	D-ANMY	A21N
79BA	D-ANMZ	A21N
79C1	D-ANNA	A320
79C5	D-ANNE	A320
7A41	D-ANRA	A339
7A42	D-ANRB	A339
7A43	D-ANRC	A339
7A44	D-ANRD	A339
7A45	D-ANRE	A339
7A46	D-ANRF	A339
7A47	D-ANRG	A339
7A48	D-ANRH	A339
7A49	D-ANRI	A339
7A4A	D-ANRJ	A339
7A4B	D-ANRK	A339
7A4C	D-ANRL	A339
7A4D	D-ANRM	A339
7A4E	D-ANRN	A339
7A4F	D-ANRO	A339
7A50	D-ANRP	A339
7A51	D-ANRQ	A339
7A54	D-ANRT	A339
7B01	D-ANXA	E35L
7D87	D-AOLG	F100
7D88	D-AOLH	F100
7DC5	D-AONE	CL60
7E85	D-AOTE	E35L
8445	D-BABE	E550
8481	D-BADA	J328
8483	D-BADC	J328
848F	D-BADO	CL30
8502	D-BAHB	F2TH
858C	D-BALL	E550
85CE	D-BANN	CL30
8605	D-BAPE	CL35
86C7	D-BAVG	C750
8C66	D-BCCF	E550
9061	D-BDCA	F2TH
910D	D-BDHM	C700
9192	D-BDLR	F2TH
9258	D-BDRX	G280
9284	D-BDTD	J328
929A	D-BDTZ	E550
942D	D-BEAM	CL30
9432	D-BEAR	C750
94A5	D-BEEE	E550
94B0	D-BEEP	C750
94B2	D-BEER	E550
9570	D-BEKP	CL30
9654	D-BERT	F2TH
9674	D-BEST	F2TH
9689	D-BETI	FA50
9C23	D-BGAC	CL35
9CCE	D-BGFN	E550
A083	D-BHDC	E550
A1B0	D-BHMP	F2TH
A24F	D-BHRO	E550
A4AE	D-BIEN	F2TH
A4CD	D-BIFM	C700
A6C9	D-BIVI	CL30
A970	D-BJKP	E550
A9A5	D-BJME	E145
AAAB	D-BJUK	E550
B2A5	D-BLUE	F2TH
B504	D-BMHD	E545
BD84	D-BOLD	E545
BD94	D-BOLT	E550
BDEB	D-BOOK	F2TH
C000	D-CAAA	C56X
C004	D-CAAE	LJ45
C005	D-CAAF	E55P
C006	D-CAAG	E55P
C00B	D-CAAL	D228
C00C	D-CAAM	D228
C00D	D-CAAN	D328
C04E	D-CADA	LJ60
C086	D-CAFE	C56X
C09C	D-CAGA	E55P
C0D3	D-CAID	C680
C0E1	D-CAIR	C56X
C108	D-CAKE	E55P
C139	D-CAMB	LJ31
C13A	D-CAMC	C68A
C146	D-CAMO	C25C
C158	D-CANG	C56X
C187	D-CAPB	C560
C192	D-CAPM	PC24
C194	D-CAPO	LJ35
C1BE	D-CARE	C56X
C1C5	D-CARL	LJ35
C1C8	D-CARO	C680
C1DB	D-CASH	E55P
C207	D-CATZ	D328
C21E	D-CAUW	C560
C23C	D-CAWA	D328
C23D	D-CAWB	C680
C243	D-CAWH	C56X
C246	D-CAWK	C68A
C247	D-CAWL	C68A
C248	D-CAWM	C56X
C249	D-CAWN	C68A
C24A	D-CAWO	C56X
C24B	D-CAWP	C56X
C24D	D-CAWR	C560
C24E	D-CAWS	C680
C24F	D-CAWT	C560
C253	D-CAWX	C680
C2BC	D-CBAY	C680
C2D0	D-CBBS	E55P
C2EB	D-CBCT	C25C
C319	D-CBEN	C56X
C44D	D-KPHL	GLID
C492	D-CBTA	C25C
C569	D-CCBH	C25B
C57C	D-CCCA	LJ35
C57D	D-CCCB	LJ35
C57E	D-CCCC	SW4
C581	D-CCCF	C550
C5CA	D-CCFA	B350
C5CB	D-CCFB	B350
C5FF	D-CCHB	LJ35
C605	D-CCHH	E55P
C7FE	D-CDAS	E55P
C803	D-CDAX	D328
C82C	D-CDCM	C56X
C83D	D-CDDD	C56X
C8C8	D-CDIM	LJ35
C932	D-CDMO	E55P
C95A	D-CDOC	LJ45
C9AB	D-CDRF	LJ35
C9CE	D-CDSO	C55B
C9E7	D-CDTN	C25C
C9F3	D-CDTZ	E55P
CB12	D-CEFA	C25C
CB15	D-CEFD	C25B
CB52	D-CEHM	C56X
CB72	D-CEIS	C680
CBB2	D-CELE	C25B
CBB6	D-CELI	C55B
CBD6	D-CEMO	H25B
CBF5	D-CENT	C25B
CC64	D-CESA	C55B
CC7F	D-CETB	H25B
CCAA	D-CEUS	C25C
CCF5	D-CEXP	LJ35
CD40	D-CFAM	C25B
CD44	D-CFAQ	LJ60
CD45	D-CFAR	LJ60
CD46	D-CFAS	LJ60
CD47	D-CFAT	LJ60
CD4B	D-CFAX	LJ60
CD4D	D-CFAZ	LJ60
CD59	D-CFBL	PC24
CD6D	D-CFCF	LJ35
CDB2	D-CFEW	C56X
CDBB	D-CFFF	C56X
CDCA	D-CFFU	D228
CDE3	D-CFGT	PC24
CE03	D-CFHZ	E55P
CE19	D-CFIV	LJ35
CE6A	D-CFLY	C56X
CE70	D-CFME	B350
CE71	D-CFMF	B350
CE74	D-CFMI	E55P
CF01	D-CFRT	C25C
CF0F	D-CFSH	C680
CF28	D-CFTG	LJ35
D003	D-CGBR	LJ55
D051	D-CGER	C25B
D05A	D-CGFA	LJ35
D05B	D-CGFB	LJ35
D05C	D-CGFC	LJ35
D05D	D-CGFD	LJ35
D05E	D-CGFE	LJ35
D05F	D-CGFF	LJ35
D060	D-CGFG	LJ35
D061	D-CGFH	LJ35
D063	D-CGFJ	LJ35
D066	D-CGFM	LJ31
D067	D-CGFN	LJ35
D068	D-CGFO	LJ35
D069	D-CGFP	LJ35
D06A	D-CGFQ	LJ35
D06B	D-CGFR	LJ35
D07A	D-CGGG	LJ31
D194	D-CGRC	LJ35
D28F	D-CHAT	C25B
D29D	D-CHBH	C25B
D2D3	D-CHDJ	C56X
D2E5	D-CHEB	BE20
D2FE	D-CHFA	C550
D2FF	D-CHFB	C550
D32A	D-CHGS	E55P
D34E	D-CHIC	E55P
D369	D-CHJD	E55P
D3A9	D-CHLP	LJ45
D3B7	D-CHMD	E55P
D3BB	D-CHMH	E55P
D3C0	D-CHMM	PC24
D3C6	D-CHMS	PC24
D3FE	D-CHOW	LJ60
D436	D-CHRA	C25C
D43B	D-CHRF	C25B
D43C	D-CHRG	C68A
D449	D-CHRT	E55P
D50B	D-CHZF	C55B
D528	D-CIAI	C56X
D52E	D-CIAO	C550
D542	D-CIBI	C56X
D55C	D-CICI	C56X
D568	D-CICU	LJ45
D56C	D-CICY	SW4
D576	D-CIDI	C56X
D590	D-CIEI	C56X
D5AA	D-CIFI	C56X
D5AE	D-CIFM	C680
D5C4	D-CIGI	C56X
D6E3	D-CIRJ	D328
D6E9	D-CIRP	D328
D71C	D-CITO	D328
D726	D-CITY	LJ35
D7E5	D-CJBH	PC24
D803	D-CJCL	LJ31
D850	D-CJFK	C56X
D8B8	D-CJJK	C56X
D906	D-CJMK	C56X
D90D	D-CJMR	C25C
D90E	D-CJMS	PC24
D950	D-CJPG	LJ35
D9D2	D-CJUG	C56X
D9D7	D-CJUL	C525
DA69	D-CKAB	C525
DB5E	D-CKJM	C56X
DBBA	D-CKNA	C25C
DC92	D-CKVI	E55P
DD18	D-CLAM	E55P
DD21	D-CLAV	E55P
DD24	D-CLAY	D328
DD32	D-CLBM	E55P
DDC4	D-CLHC	C56X
DDE1	D-CLIF	E55P
DDE6	D-CLIK	C25C
DF15	D-CLUB	E55P
DFC4	D-CMAU	E55P
E005	D-CMDH	C680
E01B	D-CMED	LJ55
E02B	D-CMET	FA20
E066	D-CMHA	D328
E067	D-CMHB	D328
E06D	D-CMHH	PC24
E078	D-CMHS	C56X
E0F7	D-CMMP	E55P
E12D	D-CMOR	E55P
E18F	D-CMSL	PC24
E212	D-CMXM	E55P
E256	D-CNAC	SW4
E25A	D-CNAG	SW4
E2D0	D-CNEU	D228
E38D	D-CNMB	LJ45
E39A	D-CNMO	PC24
E3B3	D-CNNN	C56X
E3D6	D-CNOW	E55P
E3D7	D-CNOX	C25C
E460	D-CNUE	LJ60
E4BD	D-CNXT	D228
E519	D-COBH	C25B
E520	D-COBO	C25B
E52C	D-COCA	B190
E53A	D-COCO	C25C
E54A	D-CODE	D228
E594	D-COGA	C25B
E5D5	D-COIN	PC24
E600	D-COKE	C25B
E624	D-COLO	C25C
E629	D-COLT	E55P
E630	D-COMA	LJ45
E64E	D-CONE	LJ35
E66F	D-COOL	PC24
E686	D-COPI	PC24
E690	D-COPS	PC24
E6C3	D-CORR	PC24
E6E4	D-COSY	D328
E71A	D-COVA	C25C
E79A	D-COZY	E55P
E7B1	D-CPAV	E55P
E7EA	D-CPDA	M28
E7EB	D-CPDB	M28
E7EC	D-CPDC	M28
E7ED	D-CPDD	M28
E8C7	D-CPLN	C56X
E8DC	D-CPMI	C56X
E8E8	D-CPMU	LJ60
E977	D-CPSH	C56X
E997	D-CPTN	PC24
E9DD	D-CPWF	D328
EA40	D-CQAA	LJ45
EA41	D-CQAB	LJ45
EA42	D-CQAC	LJ45
EA49	D-CQAJ	LJ35
EA71	D-CQBX	C56X
ED62	D-CREW	D328
EDB8	D-CRIE	C56X
EE56	D-CROG	E55P
EE5C	D-CROM	PC24
EE5D	D-CRON	C56X
EEC4	D-CRSM	C56X
EEE1	D-CRTP	C56X
EF03	D-CRUX	E55P
EFBD	D-CSCB	C56X
EFC0	D-CSCE	E55P
EFCD	D-CSCR	PC24
EFF1	D-CSEB	C56X
F027	D-CSGD	C56X
F064	D-CSIM	LJ60
F06F	D-CSIX	LJ60
F0B8	D-CSLS	PC24
F0C2	D-CSMC	C56X
F0DC	D-CSNC	D328
F0FF	D-CSOL	C25B
F106	D-CSOS	LJ45
F14E	D-CSRM	C25C
F16F	D-CSST	GSPN
F194	D-CSUE	D328
F19D	D-CSUN	C56X
F1A2	D-CSUS	PC24
F356	D-CTLM	PC24
F3A4	D-CTOM	C550
F3A9	D-CTOR	E55P
F3EE	D-CTRI	LJ35
F42D	D-CTTT	C56X
F476	D-CTWO	LJ35
F4EA	D-CUBA	C25B
F571	D-CUGF	C25B
F62A	D-CUNI	LJ45
F661	D-CUPL	D328
F68E	D-CURE	LJ60
F69D	D-CURT	LJ31
F6C2	D-CUTE	B350
F6D6	D-CUTY	B350
F6EC	D-CUUU	C56X
F6F9	D-CUVH	E55P
F774	D-CVAA	PC24
F775	D-CVAB	PC24
F846	D-CVIC	C68A
F8BE	D-CVMS	PC24
F98F	D-CVUT	B350
FA1E	D-CWAG	C56X
FA30	D-CWAY	LJ55
FAF9	D-CWIR	C25C
FAFB	D-CWIT	C25C
FC54	D-CWWA	C680
FC63	D-CWWP	E55P
FC6A	D-CWWW	E55P
FDEC	D-CXLS	C56X
FFDA	D-CYES	LJ35
