0006	D-HRFA	B06
000F	D-HRFJ	B06
0026	D-HRGG	R66
0031	D-HRGR	EC35
005E	D-HRIK	EC20
0061	D-HRIN	R44
0067	D-HRIT	H269
00F1	D-HROB	R44
010A	D-HRPA	EC35
010B	D-HRPB	EC35
010C	D-HRPC	EC45
0172	D-HRTA	EC35
0173	D-HRTB	EC35
0174	D-HRTC	EC35
0175	D-HRTD	EC35
0176	D-HRTE	EC35
0177	D-HRTF	EC35
0178	D-HRTG	EC35
0179	D-HRTH	EC35
017A	D-HRTI	EC35
017B	D-HRTJ	EC35
0198	D-HRUM	R44
019F	D-HRUT	H269
0228	D-HSAA	EC45
0229	D-HSAB	EC45
0235	D-HSAN	EC35
023A	D-HSAS	BK17
023B	D-HSAT	BK17
0282	D-HSDM	B105
0290	D-HSEA	H269
029F	D-HSEP	H269
02DA	D-HSGW	EC20
02DF	D-HSHB	EC20
02E0	D-HSHC	EC20
02E1	D-HSHD	EC20
02E2	D-HSHE	EC20
02E3	D-HSHF	EC20
02E4	D-HSHG	EC20
02E6	D-HSHI	EC20
02E8	D-HSHK	EC20
02ED	D-HSHP	EC35
02F0	D-HSHS	EC20
0332	D-HSKG	R44
0334	D-HSKI	R44
0338	D-HSKM	A109
0344	D-HSKY	B407
0360	D-HSMA	BK17
037C	D-HSNC	EC35
037D	D-HSND	EC35
037E	D-HSNE	EC35
037F	D-HSNF	EC45
0380	D-HSNG	EC45
0381	D-HSNH	EC45
0399	D-HSOF	AS50
03B5	D-HSPH	R66
03BA	D-HSPM	H269
03BF	D-HSPR	R44
03C2	D-HSPU	H269
03C3	D-HSPV	H269
03C5	D-HSPX	H269
03F1	D-HSRP	R44
0416	D-HSTA	B06
0417	D-HSTB	R44
042B	D-HSTV	B505
0457	D-HSVN	AS50
046A	D-HSWG	EC35
04CC	D-HTAA	AS50
04CD	D-HTAB	R44
04CE	D-HTAC	G2CA
04CF	D-HTAD	R44
04D6	D-HTAK	G2CA
04D9	D-HTAN	G2CA
04DD	D-HTAR	A109
04DF	D-HTAT	G2CA
04E3	D-HTAX	G2CA
0501	D-HTCB	R44
0507	D-HTCH	R22
0526	D-HTDM	B105
0541	D-HTEN	B222
0584	D-HTHC	EC45
0585	D-HTHD	EC45
059E	D-HTIC	R44
05B3	D-HTIX	AS50
05B9	D-HTJD	AS50
05BA	D-HTJE	EC30
0604	D-HTMA	EC35
0605	D-HTMB	EC35
0607	D-HTMD	EC35
0608	D-HTME	H500
0609	D-HTMF	EC35
060A	D-HTMG	EC35
060B	D-HTMH	EC35
060C	D-HTMI	EC35
060D	D-HTMJ	EC35
060E	D-HTMK	EC35
060F	D-HTML	EC35
0610	D-HTMM	EC45
0611	D-HTMN	AS50
0612	D-HTMO	EC45
0613	D-HTMP	AS50
0615	D-HTMR	EC45
061B	D-HTMX	AS50
063A	D-HTOC	R44
0644	D-HTOM	B06
0649	D-HTOR	H269
0650	D-HTOY	G2CA
065F	D-HTPN	EC25
0686	D-HTRA	R44
0687	D-HTBR	R44
06A2	D-HTSC	EC35
0708	D-HTWA	A169
0716	D-HTWO	EC35
078A	D-HUBA	EN28
078C	D-HUBC	EC45
0792	D-HUBI	R44
07A2	D-HUBY	R44
07CA	D-HUDM	B105
081A	D-HUGO	S76
0893	D-HULF	H500
08D5	D-HUNT	EC20
0962	D-HUTE	H500
0965	D-HUTH	EC35
0971	D-HUTT	R44
0A2E	D-HVBA	EC35
0A30	D-HVBC	EC35
0A31	D-HVBD	EC35
0A32	D-HVBE	EC35
0A33	D-HVBF	EC35
0A34	D-HVBG	EC35
0A35	D-HVBH	EC35
0A36	D-HVBI	EC35
0A37	D-HVBJ	EC35
0A38	D-HVBK	EC35
0A39	D-HVBL	EC35
0A3A	D-HVBM	EC35
0A3B	D-HVBN	EC35
0A3C	D-HVBO	EC35
0A3D	D-HVBP	EC35
0A3E	D-HVBQ	EC35
0A3F	D-HVBR	EC35
0A40	D-HVBS	EC35
0A41	D-HVBT	EC35
0A42	D-HVBU	EC35
0A43	D-HVBV	EC35
0A44	D-HVBW	EC35
0A45	D-HVBX	EC35
0A46	D-HVBY	EC35
0ADF	D-HVHV	EC30
0AE4	D-HVIA	AS50
0AE6	D-HVIC	H269
0AF3	D-HVIP	EC20
0CBD	D-HWAF	B06
0CC3	D-HWAL	B47G
0D26	D-HWEG	AS50
0D41	D-HWFH	EC35
0D50	D-HWFW	B06
0DBD	D-HWKB	R44
0DE1	D-HWLL	B06
0E3A	D-HWOW	R44
0E56	D-HWPY	B06
0F5D	D-HXAB	EC35
0F5E	D-HXAC	EC35
0F5F	D-HXAD	EC35
0F60	D-HXAE	EC35
0F68	D-HXAM	EC20
0F76	D-HXBA	EC35
0F77	D-HXBB	EC35
0F78	D-HXBC	EC35
0F90	D-HXCA	EC35
0F91	D-HXCB	EC35
0F92	D-HXCC	EC35
0F93	D-HXCD	EC35
0F98	D-HXCI	EC35
0F99	D-HXCJ	EC35
0F9A	D-HXCK	EC35
0FDE	D-HXFA	EC45
0FDF	D-HXFB	EC45
0FE0	D-HXFC	EC45
0FE1	D-HXFD	EC45
0FE2	D-HXFE	EC45
0FE3	D-HXFF	EC45
0FE4	D-HXFG	EC45
0FE5	D-HXFH	EC45
0FE6	D-HXFI	EC45
0FE7	D-HXFJ	EC45
0FE8	D-HXFK	EC45
0FE9	D-HXFL	EC45
0FED	D-HXFP	EC45
0FEE	D-HXFQ	EC45
0FF0	D-HXFS	EC45
0FF1	D-HXFT	EC45
0FF2	D-HXFU	EC45
0FF3	D-HXFV	EC45
0FF4	D-HXFW	EC45
0FF5	D-HXFX	EC45
0FF6	D-HXFY	EC45
111A	D-HXRE	B06
11C3	D-HXXR	R44
11C9	D-HXXX	H500
1202	D-HYAC	EC45
1204	D-HYAE	EC45
1205	D-HYAF	EC45
1206	D-HYAG	EC45
1207	D-HYAH	EC45
1209	D-HYAJ	EC45
120A	D-HYAK	EC45
120B	D-HYAL	EC45
120C	D-HYAM	EC45
120D	D-HYAN	EC45
120E	D-HYAO	EC45
1210	D-HYAQ	EC45
1211	D-HYAR	EC45
1212	D-HYAS	EC45
1213	D-HYAT	EC45
1215	D-HYAV	EC45
1216	D-HYAW	EC45
1217	D-HYAX	EC45
127A	D-HYES	R22
138A	D-HYPE	R44
1488	D-HYYY	EC35
1551	D-HZGR	B429
1678	D-HZSA	EC35
1679	D-HZSB	EC35
167A	D-HZSC	EC35
167B	D-HZSD	EC35
167C	D-HZSE	EC35
167D	D-HZSF	EC35
167E	D-HZSG	EC35
167F	D-HZSH	EC35
1680	D-HZSI	EC35
1681	D-HZSJ	EC35
1682	D-HZSK	EC35
1683	D-HZSL	EC35
1684	D-HZSM	EC35
1685	D-HZSN	EC35
1686	D-HZSO	EC35
1687	D-HZSP	EC35
1688	D-HZSQ	EC35
1689	D-HZSR	EC35
171E	D-HZYK	B105
1748	D-IAAA	AEST
1749	D-IAAB	E50P
174B	D-IAAD	E50P
1750	D-IAAI	D28D
1753	D-IAAL	P212
1757	D-IAAP	C310
175B	D-IAAT	E50P
1766	D-IABE	PAY3
17B1	D-IAEB	BN2P
17CE	D-IAFE	DA62
17D0	D-IAFG	C25M
17D6	D-IAFM	DA62
17DC	D-IAFS	BE55
17E6	D-IAGC	C340
17FF	D-IAHB	C414
1804	D-IAHG	C525
180A	D-IAHM	P212
1811	D-IAHT	MU2
1819	D-IAIB	C525
1825	D-IAIN	C340
183C	D-IAJK	C414
1859	D-IAKN	C25A
186E	D-IALI	C25A
187A	D-IALU	EA50
1880	D-IAMA	PA27
1888	D-IAMI	BE20
1891	D-IAMR	C414
18A9	D-IANP	C25M
18D0	D-IAPC	DA62
18D1	D-IAPD	C404
1911	D-IARP	C340
191A	D-IARY	DA62
191E	D-IASC	PAY1
1936	D-IATA	C425
193A	D-IATE	F406
193E	D-IATI	DA62
1945	D-IATP	E50P
1949	D-IATT	DA62
196A	D-IAVA	PA27
1988	D-IAWE	C425
198A	D-IAWG	C425
1998	D-IAWU	C525
19F8	D-IBAM	C340
1A05	D-IBAZ	PA27
1A0D	D-IBBH	C414
1A18	D-IBBS	C25A
1A33	D-IBCT	C25A
1A39	D-IBCZ	DA62
1A54	D-IBEA	C25A
1A56	D-IBEC	DA62
1A67	D-IBET	C25A
1A80	D-IBFS	BE20
1A8A	D-IBGC	PAY1
1AA6	D-IBHE	C310
1AC0	D-IBIE	C340
1ACE	D-IBIS	C303
1ADC	D-IBJG	BE9L
1ADD	D-IBJH	C303
1B14	D-IBLK	C25A
1B1E	D-IBLU	C25M
1B26	D-IBMC	BE9L
1B30	D-IBMM	C310
1B65	D-IBON	C340
1B88	D-IBPW	C340
1BB3	D-IBRN	C25A
1BC0	D-IBSA	PAY1
1BC5	D-IBSF	BE60
1BCB	D-IBSL	E50P
1BDA	D-IBTA	BE20
1BE2	D-IBTI	C525
1BF9	D-IBUF	DO28
1C05	D-IBUR	C303
1C2D	D-IBWF	C402
1C91	D-ICAB	PRM1
1C9E	D-ICAO	C525
1CA1	D-ICAR	DA62
1CAB	D-ICBB	C340
1CC5	D-ICCB	C25M
1CC6	D-ICCC	F406
1CD3	D-ICCP	C510
1CE2	D-ICDE	C303
1CFC	D-ICEE	C525
1D03	D-ICEL	AEST
1D10	D-ICEY	C525
1D4C	D-ICHG	BE20
1D51	D-ICHL	BE20
1D85	D-ICJL	C303
1D98	D-ICKE	BE20
1DAC	D-ICKY	BE60
1DC6	D-ICLY	C303
1DCB	D-ICMD	C25A
1DD2	D-ICMK	BE9L
1E09	D-ICON	PA34
1E6B	D-ICSH	E50P
1E7E	D-ICTA	C551
1E8F	D-ICTR	BE9L
1EAA	D-ICUS	C340
1EB2	D-ICVA	BE58
1EC8	D-ICVW	C421
1ECA	D-ICVY	BE58
1F3B	D-IDAH	BE20
1F3F	D-IDEL	BE20
1F4E	D-IDBA	PRM1
1F68	D-IDCA	BE55
1F74	D-IDCM	DA62
1F85	D-IDDD	PAY1
1FA0	D-IDEE	AEST
203C	D-IDKE	BE9L
2046	D-IDKO	C303
207D	D-IDMR	C340
20B2	D-IDOS	C404
20C5	D-IDPL	BE10
2114	D-IDSM	BE20
211E	D-IDSW	CD2
2129	D-IDTH	C421
2172	D-IDWC	C25A
21DF	D-IEAH	BE9L
2214	D-IECI	C500
2234	D-IEDO	DO28
225D	D-IEFD	C25M
2274	D-IEGA	C25A
2280	D-IEGM	PRM1
2282	D-IEGO	C25A
228F	D-IEHB	BE55
22FA	D-IELE	BE20
2312	D-IEMC	C414
2316	D-IEMG	C510
232E	D-IENE	C25A
23C6	D-IETA	C414
23C7	D-IETB	PRM1
23D1	D-IETL	BE55
2425	D-IEWR	PA27
248E	D-IFAS	BE58
24A3	D-IFBN	BN2P
24B1	D-IFCB	PRM1
24C2	D-IFCS	BN2P
24E9	D-IFEF	DA62
24F5	D-IFER	C510
24F9	D-IFEV	PA34
2503	D-IFFF	F406
250A	D-IFFM	C414
2525	D-IFGN	PAY1
2535	D-IFHD	C25M
253A	D-IFHI	BE9L
255E	D-IFIS	C25A
2594	D-IFKU	BN2P
259B	D-IFLB	BN2P
259E	D-IFLE	P212
25A7	D-IFLN	BN2P
25BA	D-IFMG	PRM1
25BC	D-IFMI	BE9L
25C9	D-IFMV	BE58
260E	D-IFPM	EA50
2649	D-IFRT	C25A
265F	D-IFSP	DA62
2672	D-IFTI	BN2P
2691	D-IFUN	C25A
2727	D-IGAH	DA62
272B	D-IGAL	C25A
2766	D-IGCS	BE9L
276A	D-IGCW	C303
2788	D-IGEA	C25C
2793	D-IGEL	BE20
27AC	D-IGFK	PA34
27C2	D-IGGG	C501
27F0	D-IGIA	C421
280C	D-IGJC	PA27
288D	D-IGOB	P180
28B8	D-IGPS	C303
28E4	D-IGRK	C25A
28E8	D-IGRO	C25A
2907	D-IGST	PRM1
2942	D-IGVA	C525
29CA	D-IHAG	C551
29DF	D-IHBB	C340
2A09	D-IHCR	E50P
2A2D	D-IHEB	C525
2AA7	D-IHIT	BE58
2AD3	D-IHKL	C303
2ADE	D-IHKW	C525
2AE3	D-IHLB	C402
2AFC	D-IHMA	DA42
2B07	D-IHML	C421
2B84	D-IHRG	BE9L
2BF6	D-IHVQ	C525
2D78	D-IIKM	BE9L
2DC8	D-IINO	P180
2DFB	D-IIPN	PA34
2E68	D-IITS	C340
2E94	D-IIVK	C303
2FD0	D-IJHO	C510
2FFF	D-IJJJ	DA62
3017	D-IJKH	C25M
3033	D-IJLJ	C525
3078	D-IJOA	C25A
3090	D-IJOY	C25A
309E	D-IJPM	DA62
30C8	D-IJRC	BE20
31D8	D-IKBO	C25A
31EA	D-IKCG	C25A
322B	D-IKET	PAY1
322E	D-IKEW	PAY2
3238	D-IKFG	DH89
325F	D-IKGT	PRM1
3278	D-IKHS	AEST
328C	D-IKIM	BE9L
32A1	D-IKJH	C303
32E8	D-IKMA	PA27
32F6	D-IKMO	C525
3320	D-IKOE	C510
3331	D-IKOV	C310
338C	D-IKSI	P180
339A	D-IKSW	C337
33B9	D-IKUB	BE55
33BE	D-IKUG	PRM1
33C4	D-IKUM	C303
3455	D-ILAB	F406
3456	D-ILAC	EA50
3463	D-ILAP	E50P
3467	D-ILAT	EA50
3469	D-ILAV	EA50
346E	D-ILBA	BE58
3488	D-ILCA	PA31
348E	D-ILCG	C25A
34AC	D-ILDK	C340
34AD	D-ILDL	C25A
34D6	D-ILFA	BN2P
34DD	D-ILFH	BN2P
350A	D-ILHA	C525
350C	D-ILHC	C525
350D	D-ILHD	C525
350E	D-ILHE	C525
3524	D-ILIA	C525
353E	D-ILJA	C25M
357A	D-ILLI	BE60
35CD	D-ILON	PAY1
35D4	D-ILOU	C25A
363B	D-ILST	C525
3655	D-ILTT	DA62
3664	D-ILUI	C25A
3690	D-ILWA	C340
369F	D-ILWP	C25A
3703	D-IMAL	C340
370C	D-IMAU	PRM1
3735	D-IMCJ	C525
376F	D-IMEP	BE9L
377E	D-IMFE	C25A
37B5	D-IMHH	AEST
37C4	D-IMHW	C340
37C8	D-IMIA	P180
37D4	D-IMIM	C25M
3807	D-IMKL	C340
3834	D-IMME	C551
383C	D-IMMM	C25A
383E	D-IMMO	AEST
3865	D-IMOB	D28T
386C	D-IMOI	C525
386E	D-IMOK	DO28
3880	D-IMPC	C525
38C5	D-IMRT	C303
38F8	D-IMTS	E50P
38F9	D-IMTT	ME62
3940	D-IMWM	C340
394A	D-IMWW	BE55
39A2	D-INAG	BE55
39A7	D-INAL	DA62
39E2	D-INCS	C525
39EC	D-INDC	DA62
3A1D	D-INEZ	C510
3A2C	D-INFO	PAY1
3A3C	D-INGE	C340
3A40	D-INGI	C340
3A46	D-INGO	C340
3AA0	D-INKA	DOVE
3ADD	D-INMJ	BE20
3AEE	D-INNA	BE9L
3AFB	D-INNN	DA62
3B67	D-INRR	C414
3B7F	D-INSP	BE60
3BAE	D-INUK	PAY3
3C5B	D-IOBB	C525
3C68	D-IOBO	C25A
3C92	D-IODE	DA62
3CC2	D-IOFA	C303
3D01	D-IOHL	C25A
3D48	D-IOKE	DA62
3D5F	D-IOLB	C404
3D68	D-IOLK	BN2P
3D6A	D-IOLM	BN2P
3D6B	D-IOLN	BN2P
3D6C	D-IOLO	BN2P
3D71	D-IOLT	C303
3E1F	D-IOSL	PA34
3E2E	D-IOTA	BE58
3E41	D-IOTT	PAY2
3E62	D-IOVA	C25M
3E71	D-IOVP	PAY3
3E7C	D-IOWA	C525
3EE4	D-IPAA	C25M
3EEA	D-IPAG	BE20
3EF9	D-IPAV	BE20
3EFF	D-IPBB	BE9L
3F1A	D-IPCC	C25A
3F1E	D-IPCG	C425
3F62	D-IPEW	PAY3
3F72	D-IPFM	C525
3FB4	D-IPIA	P180
3FB7	D-IPID	E50P
3FC7	D-IPIT	DA62
4053	D-IPOD	C525
4082	D-IPPY	P180
40AC	D-IPRO	B58T
4109	D-IPVD	C25A
4120	D-IPWA	C421
4338	D-IQQQ	C525
43F5	D-IQXX	C25M
443E	D-IRAS	HDJT
4444	D-IRAY	DA62
4458	D-IRBS	P180
446F	D-IRCP	BE9L
44A0	D-IREM	C510
44A3	D-IREP	BE20
44A6	D-IRES	DO28
4534	D-IRKE	C525
4535	D-IRKF	DA62
4545	D-IRKV	BE9L
45A3	D-IROL	D228
45A4	D-IROM	BE18
45A5	D-IRON	C525
4601	D-IRSB	C525
4606	D-IRSG	P180
4643	D-IRUP	C551
464E	D-IRVA	C303
46D6	D-ISAG	PRM1
46E1	D-ISAR	PRM1
46E5	D-ISAV	C402
46E6	D-ISAW	BE55
4704	D-ISCA	C303
4712	D-ISCO	DO28
4719	D-ISCV	C25A
4738	D-ISEA	CD2
476F	D-ISGD	BE9L
477E	D-ISGS	P68T
479D	D-ISHX	DA62
47A6	D-ISIG	PAY1
47B1	D-ISIR	C525
47B2	D-ISIS	C25M
47B7	D-ISIX	BE9L
47BA	D-ISJA	C25A
47C9	D-ISJP	C25A
47EE	D-ISLA	P212
4801	D-ISLT	C25A
485A	D-ISPE	C340
4860	D-ISPK	PA34
4864	D-ISPO	P180
4896	D-ISRM	C510
48CD	D-ISTP	E50P
48E5	D-ISUN	C25A
48FC	D-ISVK	PAY1
491B	D-ISWP	C25M
4981	D-ITAN	C525
49E8	D-ITEM	PAY1
49F6	D-ITFA	C340
49F8	D-ITFC	BE20
4A48	D-ITIE	PA44
4A53	D-ITIP	C525
4AA4	D-ITLS	BE20
4AAC	D-ITMA	C25A
4AB8	D-ITMM	DA62
4AE2	D-ITOC	PRM1
4AEB	D-ITOL	C303
4AF1	D-ITOR	C25A
4B02	D-ITPI	C340
4B03	D-ITPJ	C303
4B2E	D-ITRA	C525
4B6E	D-ITTM	DA62
4B70	D-ITTO	BE58
4BBB	D-ITWL	C425
4BBE	D-ITWO	PAY3
4C5D	D-IUCR	E50P
4C6A	D-IUDE	BE9L
4DEC	D-IUSA	BE60
4E0E	D-IUTI	BE60
4EBC	D-IVAA	C510
4EC2	D-IVAG	PRM1
4F9B	D-IVIP	BE20
4FA1	D-IVIV	C25A
50F3	D-IVVV	HDJT
512C	D-IVYA	C303
5172	D-IWAS	C303
5176	D-IWAW	BE20
51D3	D-IWEL	BE60
51E9	D-IWFH	BE9L
5233	D-IWID	BE9L
5241	D-IWIR	C25A
52AA	D-IWMS	SATA
52AC	D-IWMU	BE58
52F8	D-IWPS	C25A
537E	D-IWUW	C525
53A8	D-IWWM	E50P
53B2	D-IWWW	PRM1
5511	D-IXKJ	AEST
553C	D-IXMA	BE9L
557D	D-IXON	C25M
5668	D-IXXO	C25A
5671	D-IXXX	C25A
5930	D-IYYY	C525
5A90	D-IZMM	C510
5B0D	D-IZRH	C525
5BEE	D-IZZY	P180
5BF1	D-KAAB	GLIM
5BF2	D-KAAC	GLID
5BF4	D-KAAE	SF25
5BF9	D-KAAJ	GLID
5C02	D-KAAS	SF25
5C03	D-KAAT	SF25
5C0F	D-KABF	DIMO
5C11	D-KABH	RF4
5C12	D-KABI	RF5
5C15	D-KABL	SF25
5C17	D-KABN	GLID
5C1C	D-KABS	GLIM
5C1D	D-KABT	GLIM
5C20	D-KABW	SF25
5C21	D-KABX	SF25
5C26	D-KACC	SF25
5C27	D-KACD	SF25
5C29	D-KACF	SF25
5C2A	D-KACG	GLIM
5C2D	D-KACJ	SF25
5C30	D-KACM	GLID
5C31	D-KACN	GLID
5C32	D-KACO	AV68
5C33	D-KACP	AV68
5C35	D-KACR	GLIM
5C3A	D-KACW	GLID
5C3F	D-KADB	SF25
5C40	D-KADC	SF25
5C42	D-KADE	GLID
5C45	D-KADH	GLIM
5C4D	D-KADP	GLID
5C51	D-KADT	GLID
5C54	D-KADW	DIMO
5C57	D-KADZ	GLIM
5C59	D-KAEB	GLID
5C62	D-KAEK	GLID
5C69	D-KAER	SF25
5C6B	D-KAET	SF25
5C70	D-KAEY	GLIM
5C73	D-KAFB	SF25
5C7E	D-KAFM	DIMO
5C80	D-KAFO	RF5
5C84	D-KAFS	GLID
5C85	D-KAFT	GLIM
5C8B	D-KAFZ	GLIM
5C8C	D-KAGA	SF25
5C8D	D-KAGB	GLID
5C8E	D-KAGC	SF25
5C8F	D-KAGD	GLID
5C91	D-KAGF	SF25
5C92	D-KAGG	SF25
5C95	D-KAGJ	SF25
5C96	D-KAGK	SF25
5C99	D-KAGN	GLID
5C9B	D-KAGP	GLID
5C9C	D-KAGQ	SF25
5C9E	D-KAGS	GLIM
5CA0	D-KAGU	GLID
5CA3	D-KAGX	SF25
5CA5	D-KAGZ	SF25
5CB3	D-KAHN	GLIM
5CBC	D-KAHW	GLIM
5CC2	D-KAIC	SF25
5CC3	D-KAID	DIMO
5CCA	D-KAIK	GLID
5CCD	D-KAIN	SF25
5CD3	D-KAIT	GLIM
5CD9	D-KAIZ	GLIM
5CDA	D-KAJA	GLIM
5CE3	D-KAJJ	GLID
5CE6	D-KAJM	GLID
5CE9	D-KAJP	TFUN
5CFA	D-KAKG	GLID
5CFF	D-KAKL	GLIM
5D00	D-KAKM	GLID
5D0A	D-KAKW	GLIM
5D0C	D-KAKY	GLIM
5D11	D-KALD	DIMO
5D12	D-KALE	GLIM
5D14	D-KALG	RF4
5D15	D-KALH	GLIM
5D21	D-KALT	GLIM
5D22	D-KALU	GLIM
5D26	D-KALY	GLID
5D29	D-KAMB	G109
5D2A	D-KAMC	GLID
5D2B	D-KAMD	GLID
5D2C	D-KAME	GLID
5D30	D-KAMI	DIMO
5D32	D-KAMK	GLIM
5D33	D-KAML	GLIM
5D35	D-KAMN	SF25
5D37	D-KAMP	GLIM
5D38	D-KAMQ	SF25
5D3A	D-KAMS	GLID
5D3B	D-KAMT	RF10
5D40	D-KAMY	SF25
5D44	D-KANC	G109
5D47	D-KANF	GLID
5D4F	D-KANN	GLIM
5D56	D-KANU	AS16
5D5D	D-KAOB	GLIM
5D61	D-KAOF	GLIM
5D62	D-KAOG	DIMO
5D67	D-KAOL	GLIM
5D6F	D-KAOT	RF3
5D76	D-KAPA	RF4
5D77	D-KAPB	GLID
5D7A	D-KAPE	GLID
5D7C	D-KAPG	DIMO
5D7E	D-KAPI	GLID
5D81	D-KAPL	GLIM
5D82	D-KAPM	GLIM
5D84	D-KAPO	AV68
5D85	D-KAPP	GLIM
5D8A	D-KAPU	GLID
5D8C	D-KAPW	GLID
5D8D	D-KAPX	GLIM
5D98	D-KAQI	RF4
5DAA	D-KARA	SF25
5DAC	D-KARC	GLID
5DAF	D-KARF	SF25
5DB0	D-KARG	DIMO
5DB3	D-KARJ	AV68
5DB5	D-KARL	RF4
5DB6	D-KARM	GLID
5DB7	D-KARN	GLID
5DBB	D-KARR	GLID
5DBD	D-KART	GLID
5DBE	D-KARU	SF25
5DC0	D-KARW	GLID
5DC1	D-KARX	GLID
5DC3	D-KARZ	GLIM
5DC5	D-KASB	GLID
5DC6	D-KASC	GLIM
5DC7	D-KASD	DIMO
5DCA	D-KASG	GLIM
5DCF	D-KASL	GLIM
5DD1	D-KASN	GLIM
5DD3	D-KASP	SF25
5DD8	D-KASU	SF25
5DDB	D-KASX	GLID
5DDC	D-KASY	SF25
5DDD	D-KASZ	SF25
5DDE	D-KATA	L13S
5DE3	D-KATF	RF5
5DE4	D-KATG	GLIM
5DEA	D-KATM	RF5
5DEC	D-KATO	RF5
5DED	D-KATP	GLIM
5DF3	D-KATV	GLID
5DF4	D-KATW	G109
5DF5	D-KATX	DIMO
5DFA	D-KAUC	DIMO
5DFC	D-KAUE	GLID
5DFF	D-KAUH	GLIM
5E0E	D-KAUW	GLIM
5E11	D-KAUZ	SF25
5E14	D-KAVC	SF25
5E16	D-KAVE	GLID
5E19	D-KAVH	SF25
5E20	D-KAVO	GLIM
5E23	D-KAVR	GLID
5E24	D-KAVS	AS16
5E25	D-KAVT	AS16
5E26	D-KAVU	AS16
5E2B	D-KAVZ	DIMO
5E2C	D-KAWA	SF25
5E34	D-KAWI	G109
5E36	D-KAWK	GLID
5E37	D-KAWL	GLIM
5E39	D-KAWN	GLID
5E3A	D-KAWO	DIMO
5E3D	D-KAWR	GLID
5E3E	D-KAWS	DIMO
5E3F	D-KAWT	G109
5E42	D-KAWW	GLIM
5E46	D-KAXA	AS16
5E47	D-KAXB	DIMO
5E4A	D-KAXE	AS16
5E4B	D-KAXF	GLIM
5E4E	D-KAXI	GLID
5E51	D-KAXL	GLIM
5E57	D-KAXR	GLID
5E5B	D-KAXV	GLIM
5E60	D-KAYA	GLIM
5E63	D-KAYD	GLIM
5E6A	D-KAYK	AS16
5E77	D-KAYX	DIMO
5E78	D-KAYY	GLID
5E8D	D-KAZT	GLID
5E94	D-KBAA	GLIM
5E96	D-KBAC	RF5
5E97	D-KBAD	GLID
5E98	D-KBAE	RF5
5E9A	D-KBAG	GLIM
5E9B	D-KBAH	GLID
5E9C	D-KBAI	SF25
5E9E	D-KBAK	GLID
5E9F	D-KBAL	GLIM
5EA8	D-KBAU	GLIM
5EAB	D-KBAX	GLIM
5EAD	D-KBAZ	SF25
5EAF	D-KBBB	G109
5EB0	D-KBBC	GLID
5EB3	D-KBBF	GLIM
5EBC	D-KBBO	GLIM
5EC0	D-KBBS	DIMO
5EC1	D-KBBT	GLIM
5EC2	D-KBBU	DIMO
5EC4	D-KBBW	G109
5EC6	D-KBBY	GLIM
5EC7	D-KBBZ	GLID
5EC8	D-KBCA	SF25
5EC9	D-KBCB	SF25
5ECB	D-KBCD	SF25
5ECD	D-KBCF	SF25
5ECE	D-KBCG	GLID
5ED0	D-KBCI	GLID
5ED2	D-KBCK	SF25
5ED5	D-KBCN	SF25
5ED7	D-KBCP	GLID
5EDA	D-KBCS	GLIM
5EE2	D-KBDA	RF4
5EE3	D-KBDB	GLIM
5EE4	D-KBDC	GLIM
5EE5	D-KBDD	GLID
5EE7	D-KBDF	DIMO
5EF1	D-KBDP	GLIM
5EFC	D-KBEA	GLIM
5EFD	D-KBEB	GLIM
5F05	D-KBEJ	GLIM
5F06	D-KBEK	DIMO
5F07	D-KBEL	GLID
5F15	D-KBEZ	GLIM
5F16	D-KBFA	GLID
5F1B	D-KBFF	DIMO
5F24	D-KBFO	GLID
5F27	D-KBFR	G109
5F28	D-KBFS	GLIM
5F2B	D-KBFV	GLIM
5F2D	D-KBFX	GLID
5F30	D-KBGA	GLID
5F39	D-KBGJ	GLIM
5F41	D-KBGR	SF25
5F42	D-KBGS	GLID
5F45	D-KBGV	GLIM
5F48	D-KBGY	GLID
5F4A	D-KBHA	GLID
5F4E	D-KBHE	GLIM
5F4F	D-KBHF	GLIM
5F50	D-KBHG	GLIM
5F51	D-KBHH	GLID
5F52	D-KBHI	L13S
5F53	D-KBHJ	TFUN
5F55	D-KBHL	GLIM
5F56	D-KBHM	GLIM
5F58	D-KBHO	GLIM
5F64	D-KBIA	SF25
5F6C	D-KBII	GLIM
5F77	D-KBIT	RF5
5F7B	D-KBIX	GLID
5F7E	D-KBJA	GLIM
5F83	D-KBJF	GLIM
5F88	D-KBJK	GLID
5F89	D-KBJL	GLIM
5F8A	D-KBJM	GLIM
5F99	D-KBKB	DIMO
5F9B	D-KBKD	GLIM
5FA0	D-KKKK	GLID
5FA1	D-KBKJ	GLID
5FA4	D-KBKM	GLIM
5FA5	D-KBKN	GLIM
5FA9	D-KBKR	GLIM
5FAA	D-KBKS	GLIM
5FAB	D-KBKT	GLIM
5FAE	D-KBKW	GLIM
5FB2	D-KBLA	AS16
5FB3	D-KBLB	TFUN
5FBF	D-KBLN	DIMO
5FC4	D-KBLS	DIMO
5FC5	D-KBLT	GLID
5FCC	D-KBMA	GLIM
5FD0	D-KBME	SF25
5FD3	D-KBMH	DIMO
5FD7	D-KBML	GLIM
5FDE	D-KBMS	GLIM
5FE4	D-KBMY	GLID
5FE6	D-KBNA	G109
5FEF	D-KBNJ	GLIM
5FF1	D-KBNL	GLIM
5FF4	D-KBNO	GLIM
5FF9	D-KBNT	GLIM
6001	D-KBOB	DIMO
600C	D-KBOM	DIMO
600D	D-KBON	DIMO
6011	D-KBOR	GLIM
6017	D-KBOX	IS28
6018	D-KBOY	GLID
601C	D-KBPC	GLIM
6020	D-KBPG	GLID
6024	D-KBPK	DIMO
6029	D-KBPP	GLIM
6050	D-KBRC	GLID
6052	D-KBRE	GLIM
6054	D-KBRG	GLIM
605C	D-KBRO	GLID
6060	D-KBRS	GLID
6062	D-KBRU	GLIM
6067	D-KBRZ	GLIM
606F	D-KBSH	DIMO
6072	D-KBSK	SF25
6076	D-KBSO	GLID
6077	D-KBSP	GLID
607B	D-KBST	GLIM
6080	D-KBSY	GLID
6087	D-KBTF	GLID
608E	D-KBTM	GLIM
6093	D-KBTR	GLIM
6095	D-KBTT	DIMO
609C	D-KBUA	SF25
609D	D-KBUB	SF25
609E	D-KBUC	SF25
60A0	D-KBUE	SF25
60A3	D-KBUH	SF25
60A4	D-KBUI	SF25
60A6	D-KBUK	SF25
60A7	D-KBUL	SF25
60A8	D-KBUM	SF25
60A9	D-KBUN	SF25
60AA	D-KBUO	SF25
60AB	D-KBUP	SF25
60AC	D-KBUQ	SF25
60AD	D-KBUR	SF25
60AE	D-KBUS	SF25
60AF	D-KBUT	SF25
60B0	D-KBUU	SF25
60B1	D-KBUV	SF25
60B2	D-KBUW	SF25
60B4	D-KBUY	SF25
60B8	D-KBVC	GLIM
60BB	D-KBVF	GLIM
60BC	D-KBVG	GLID
60BE	D-KBVI	GLID
60D0	D-KBWA	GLIM
60D1	D-KBWB	GLIM
60D2	D-KBWC	SF25
60D6	D-KBWG	GLIM
60E2	D-KBWS	GLIM
60E6	D-KBWW	DIMO
60EB	D-KBXB	GLID
60F0	D-KBXG	GLID
60F1	D-KBXH	GLIM
60F9	D-KBXP	GLID
6108	D-KBYE	GLID
6122	D-KBZE	GLID
6138	D-KCAA	SF25
6139	D-KCAB	SF25
613B	D-KCAD	G109
613F	D-KCAH	GLIM
6140	D-KCAI	GLID
6141	D-KCAJ	SF25
6142	D-KCAK	GLIM
6144	D-KCAM	GLIM
6148	D-KCAQ	SF25
614A	D-KCAS	GLIM
614B	D-KCAT	GLIM
6150	D-KCAY	GLIM
6151	D-KCAZ	GLID
6152	D-KCBA	GLIM
6153	D-KCBB	GLID
615E	D-KCBM	GLIM
6163	D-KCBR	GLIM
6164	D-KCBS	GLIM
616A	D-KCBY	GLIM
616C	D-KCCA	DIMO
616D	D-KCCB	TFUN
6173	D-KCCH	GLIM
6179	D-KCCN	GLIM
617A	D-KCCO	DIMO
617B	D-KCCP	DIMO
6182	D-KCCW	DIMO
618C	D-KCDG	GLID
61A1	D-KCEB	GLID
61A5	D-KCEF	GLIM
61B7	D-KCEX	GLID
61BA	D-KCFA	GLIM
61BB	D-KCFB	GLID
61BC	D-KCFC	GLID
61BF	D-KCFF	GLID
61C5	D-KCFL	GLIM
61CD	D-KCFT	GLID
61D0	D-KCFW	GLID
61D9	D-KCGF	GLID
61DA	D-KCGG	GLID
61F0	D-KCHC	GLID
61F1	D-KCHD	GLIM
61F3	D-KCHF	GLID
61F4	D-KCHG	GLIM
61F7	D-KCHJ	GLIM
61F8	D-KCHK	GLIM
61F9	D-KCHL	GLIM
61FA	D-KCHM	GLIM
61FC	D-KCHO	GLID
6201	D-KCHT	DIMO
6208	D-KCIA	GLIM
6209	D-KCIB	RF5
6211	D-KCIJ	RF5
6213	D-KCIL	GLID
6223	D-KCJB	GLID
622B	D-KCJJ	DIMO
6235	D-KCJT	GLIM
623E	D-KCKC	DIMO
6252	D-KCKW	GLIM
625A	D-KCLE	AV68
625E	D-KCLI	SF28
6262	D-KCLM	GLIM
6264	D-KCLO	G109
6271	D-KCMB	GLIM
6273	D-KCMD	GLIM
6278	D-KCMI	GLIM
6281	D-KCMR	GLIM
6282	D-KCMS	GLID
6294	D-KCKN	GLID
6298	D-KCNO	GLIM
62A5	D-KCOB	GLID
62AE	D-KCOK	DIMO
62AF	D-KCOL	AV68
62B0	D-KCOM	GLID
62B5	D-KCOR	GLIM
62BE	D-KCPA	GLID
62C2	D-KCPE	GLIM
62CA	D-KCPM	GLIM
62F2	D-KCRA	GLID
6304	D-KCRS	GLIM
630E	D-9004	GLID
6310	D-KCSE	GLIM
6315	D-KCSJ	GLID
631B	D-KCSP	GLIM
6322	D-KCSW	GLIM
6323	D-KCSX	GLIM
6328	D-KCTC	GLIM
632D	D-KCTH	GLIM
6332	D-KCTM	GLIM
6334	D-KCTO	GLID
6335	D-KCTP	GLID
634C	D-KCUM	GLIM
636F	D-KCVV	DIMO
6375	D-KCWB	GLIM
637A	D-KCWG	GLIM
637D	D-KCWJ	GLIM
637F	D-KCWL	GLIM
639A	D-KCXM	GLIM
63C0	D-KCYY	GLIM
63DC	D-KDAA	GLID
63DD	D-KDAB	GLID
63E3	D-KDAH	GLID
63E4	D-KDAI	SF25
63E7	D-KDAL	GLIM
63E9	D-KDAN	GLID
63EA	D-KDAO	SF28
63EE	D-KDAS	GLIM
63F3	D-KDAX	GLIM
63F6	D-KDBA	SF25
63F9	D-KDBD	SF25
63FC	D-KDBG	DIMO
63FE	D-KDBI	GLID
63FF	D-KDBJ	GLID
6401	D-KDBL	SF25
6403	D-KDBN	SF25
6407	D-KDBR	SF25
6408	D-KDBS	SF25
640E	D-KDBY	SF25
6412	D-KDCC	GLIM
6416	D-KDCG	GLID
641A	D-KDCK	SF25
641C	D-KDCM	GLIM
641D	D-KDCN	SF25
641E	D-KDCO	SF25
642C	D-KDDC	SF25
6430	D-KDDG	SF25
6431	D-KDDH	GLIM
6434	D-KDDK	SF25
6436	D-KDDM	GLID
6440	D-KDDW	GLIM
6447	D-KDED	GLIM
644B	D-KDEH	DIMO
644D	D-KDEJ	GLID
644F	D-KDEL	GLID
6457	D-KDET	SF25
645D	D-KDEZ	SF25
645F	D-KDFB	SF25
6462	D-KDFE	SF25
6464	D-KDFG	SF25
6468	D-KDFK	GLID
6471	D-KDFT	SF25
6472	D-KDFU	SF25
647C	D-KDGE	GLIM
6484	D-KDGM	GLID
6485	D-KDGN	SF25
648B	D-KDGT	SF25
6492	D-KDHA	DIMO
6495	D-KDHD	GLID
6496	D-KDHE	GLID
64A8	D-KDHW	GLIM
64AC	D-KDIA	GLID
64AD	D-KDIB	GLIM
64B3	D-KDIH	GLIM
64C4	D-KDIY	GLIM
64C6	D-KDJA	DIMO
64CD	D-KDJH	GLIM
64D0	D-KDJK	AV68
64D7	D-KDJR	GLID
64E3	D-KDKD	DIMO
64EA	D-KDKK	GLID
64F1	D-KDKR	DIMO
64FA	D-KDLA	G109
64FE	D-KDLE	GLID
6512	D-KDLY	GLID
6515	D-KDMB	GLIM
6517	D-KDMD	GLIM
651D	D-KDMJ	DIMO
651E	D-KDMK	GLIM
6526	D-KDMS	G109
653A	D-KDNM	GLID
6540	D-KDNS	GLID
6552	D-KDOK	GLID
6554	D-KDOM	DIMO
655B	D-KDOT	DIMO
6563	D-KDPB	DIMO
6573	D-KDPR	DIMO
6574	D-KDPS	DIMO
6577	D-KDPV	GLID
65A0	D-KDRK	DIMO
65A1	D-KDRL	GLID
65A2	D-KDRM	GLID
65A8	D-KDRS	GLID
65A9	D-KDRT	GLIM
65B1	D-KDSB	GLID
65B3	D-KDSD	GLID
65B5	D-KDSF	GLIM
65BD	D-KDSN	GLIM
65BE	D-KDSO	GLIM
65C2	D-KDSS	GLIM
65CA	D-KDTA	G109
65CB	D-KDTB	G109
65D1	D-KDTH	GLID
65D6	D-KDTM	GLID
65DC	D-KDTS	GLID
65E1	D-KDTX	GLIM
65E4	D-KDUA	GLIM
65E8	D-KDUE	GLIM
65EC	D-KDUI	GLID
6624	D-KDWM	GLID
662E	D-KDWW	GLID
663D	D-KDXL	GLIM
6645	D-KDXT	GLIM
6681	D-KEAB	GLID
668C	D-KEAM	GLID
6692	D-KEAS	GLIM
6696	D-KEAW	RF5
6699	D-KEAZ	SF25
669B	D-KEBB	GLID
669D	D-KEBD	GLIM
669E	D-KEBE	GLID
66A0	D-KEBG	GLIM
66A1	D-KEBH	DIMO
66AE	D-KEBU	GLID
66B2	D-KEBY	GLID
66B5	D-KECB	GLID
66B6	D-KECC	GLIM
66C1	D-KECN	SF25
66C7	D-KECT	GLID
66C8	D-KECU	SF24
66D1	D-KEDD	GLIM
66D6	D-KEDI	GLID
66E0	D-KEDS	GLIM
66E9	D-KEEB	SF25
66EB	D-KEED	GLIM
66EE	D-KEEG	SF25
66EF	D-KEEH	SF25
66F2	D-KEEK	GLIM
66F7	D-KEEP	GLID
66FA	D-KEES	GLIM
6700	D-KEEY	DIMO
6701	D-KEEZ	GLID
6703	D-KEFB	GLIM
6708	D-KEFG	SF25
6715	D-KEFT	SF25
6718	D-KEFW	SF25
671A	D-KEFY	SF25
671D	D-KEGB	SF25
6721	D-KEGF	GLIM
6722	D-KEGG	GLID
6723	D-KEGH	DIMO
6727	D-KEGL	SF25
672D	D-KEGR	GLIM
6734	D-KEGY	GLIM
6737	D-KEHB	GLIM
673B	D-KEHF	GLID
6740	D-KEHK	GLIM
6745	D-KEHP	GLID
674A	D-KEHU	DIMO
674F	D-KEHZ	GLIM
6752	D-KEIC	GLIM
6757	D-KEIH	SF25
6758	D-KEII	GLIM
675A	D-KEIK	AS16
675B	D-KEIL	RF5
675C	D-KEIM	DIMO
675D	D-KEIN	GLID
675E	D-KEIO	DIMO
6765	D-KEIV	DIMO
6767	D-KEIX	GLIM
676B	D-KEJB	GLIM
677D	D-KEJT	GLID
6785	D-KEKB	GLIM
6788	D-KEKE	GLIM
6789	D-KEKF	GLIM
678C	D-KEKI	GLIM
6790	D-KEKM	G109
6796	D-KEKS	SF25
679A	D-KEKW	GLID
67A0	D-KELC	GLIM
67A3	D-KELF	GLID
67A4	D-KELG	DIMO
67A5	D-KELH	GLIM
67A6	D-KELI	G109
67AA	D-KELM	DIMO
67B3	D-KELV	DIMO
67B7	D-KELZ	SF25
67B9	D-KEMB	GLIM
67BA	D-KEMC	GLID
67BE	D-KEMG	GLID
67C0	D-KEMI	AS16
67CA	D-KEMS	DIMO
67CC	D-KEMU	GLID
67CD	D-KEMV	GLIM
67D0	D-KEMY	GLID
67DA	D-KENI	GLIM
67E7	D-KENV	GLID
67EC	D-KEOA	G109
67EE	D-KEOC	G109
67EF	D-KEOD	G109
67F1	D-KEOF	G109
67F8	D-KEOM	G109
67FA	D-KEOO	GLID
67FD	D-KEOR	SF25
6806	D-KEPA	GLIM
6807	D-KEPB	G109
680A	D-KEPE	GLID
680C	D-KEPG	GLIM
6812	D-KEPM	GLIM
6814	D-KEPO	DIMO
6815	D-KEPP	DIMO
6819	D-KEPT	DIMO
683B	D-KERB	SF25
683C	D-KERC	G109
683D	D-KERD	GLIM
6840	D-KERG	GLIM
6848	D-KERO	GLIM
6852	D-KERY	RF5
6853	D-KERZ	GLID
6857	D-KESD	DIMO
6858	D-KESE	RF5
685A	D-KESG	GLIM
6860	D-KESM	GLIM
6866	D-KESS	SF25
686F	D-KETB	G109
6872	D-KETE	GLID
6881	D-KETT	GLIM
6882	D-KETU	GLIM
6887	D-KETZ	G109
68A2	D-KEVA	GLIM
68AC	D-KEVK	GLID
68AD	D-KEVL	GLIM
68BC	D-KEWA	DIMO
68BF	D-KEWD	G109
68C6	D-KEWK	GLIM
68CE	D-KEWS	GLIM
68D0	D-KEWU	GLID
68D2	D-KEWW	SF25
68E8	D-KEXS	GLID
690A	D-KEZA	G109
6920	D-KEZW	DIMO
6924	D-KFAA	GLIM
692A	D-KFAG	SF25
692C	D-KFAI	TFUN
692E	D-KFAK	GLIM
6930	D-KFAM	GLIM
6937	D-KFAT	SF25
693B	D-KFAX	GLID
693F	D-KFBB	DIMO
6942	D-KFBE	SF25
6946	D-KFBI	GLID
6948	D-KFBK	TFUN
694C	D-KFBO	GLIM
6954	D-KFBW	RF10
6957	D-KFBZ	DIMO
6959	D-KFCB	GLIM
695C	D-KFCE	SF25
6963	D-KFCL	GLIM
6965	D-KFCN	GLIM
6969	D-KFCR	GLIM
696A	D-KFCS	GLID
696E	D-KFCW	G109
698D	D-KFEB	G109
698E	D-KFEC	SF25
6990	D-KFEE	DIMO
6997	D-KFEL	SF25
6998	D-KFEM	GLID
6999	D-KFEN	GLIM
699E	D-KFES	GLID
69A3	D-KFEX	GLID
69A6	D-KFFA	GLIM
69AA	D-KFFE	GLIM
69AC	D-KFFG	SF25
69B0	D-KFFK	GLIM
69B1	D-KFFL	GLIM
69B5	D-KFFP	GLID
69BC	D-KFFW	GLID
69C3	D-KFGD	GLIM
69C5	D-KFGF	GLID
69CA	D-KFGK	GLID
69CC	D-KFGM	SF25
69D2	D-KFGS	GLID
69D3	D-KFGT	DIMO
69DF	D-KFHG	GLIM
69E2	D-KFHI	RF4
69E6	D-KFHM	GLID
69F9	D-KFIF	GLID
6A03	D-KFIP	GLID
6A11	D-KFJD	GLIM
6A12	D-KFJE	GLIM
6A13	D-KFJF	GLIM
6A20	D-KFJS	GLID
6A33	D-KFKL	GLIM
6A48	D-KFLG	GLIM
6A54	D-KFLS	GLIM
6A5D	D-KFMB	GLID
6A60	D-KFME	GLID
6A61	D-KFMF	GLIM
6A69	D-KFMN	GLIM
6A6A	D-KFMO	DIMO
6A6F	D-KFMT	GLID
6A72	D-KFMW	GLIM
6A79	D-KFND	GLIM
6A96	D-KFOG	GLID
6AA1	D-KFOR	SF25
6AA2	D-KFOS	GLIM
6AA7	D-KFOX	GLIM
6AA9	D-KFOZ	GLIM
6AAA	D-KFPA	GLID
6AAE	D-KFPE	GLIM
6ABC	D-KFPS	L13S
6ADF	D-KFRB	GLIM
6AF9	D-KFSB	GLID
6AFA	D-KFSC	GLIM
6B02	D-KFSK	DIMO
6B06	D-KFSO	DIMO
6B0A	D-KFSS	GLIM
6B0D	D-KFSV	DIMO
6B12	D-KFTA	DIMO
6B25	D-KFTT	GLIM
6B42	D-KFUW	SF25
6B48	D-KFVC	GLIM
6B58	D-KFVS	SF25
6B63	D-KFWD	GLIM
6B64	D-KFWE	GLIM
6B67	D-KFWH	GLIM
6B68	D-KFWI	DIMO
6B69	D-KFWJ	SF25
6B6E	D-KFWO	GLIM
6B75	D-KFWV	GLID
6B76	D-KFWW	GLIM
6B7F	D-KFXF	GLID
6B87	D-KFXN	GLID
6BC4	D-KFZW	DIMO
6BC9	D-KGAB	GLID
6BCA	D-KGAC	DIMO
6BCE	D-KGAG	GLIM
6BD1	D-KGAJ	SF25
6BD2	D-KGAK	SF25
6BD3	D-KGAL	SF25
6BD4	D-KGAM	GLID
6BD5	D-KGAN	TFUN
6BD7	D-KGAP	SF25
6BD8	D-KGAQ	SF25
6BDA	D-KGAS	SF25
6BDB	D-KGAT	SF25
6BDF	D-KGAX	SF25
6BE0	D-KGAY	GLID
6BEA	D-KGBI	GLIM
6BEB	D-KGBJ	GLID
6BEF	D-KGBN	SF25
6BF5	D-KGBT	GLIM
6BFC	D-KGCA	GLIM
6C02	D-KGCG	GLIM
6C03	D-KGCH	GLIM
6C04	D-KGCI	GLIM
6C07	D-KGCL	GLIM
6C09	D-KGCN	GLIM
6C12	D-KGCW	GLIM
6C14	D-KGCY	GLIM
6C15	D-KGCZ	GLIM
6C16	D-KGDA	GLIM
6C17	D-KGDB	GLIM
6C1A	D-KGDE	G109
6C1D	D-KGDH	GLID
6C31	D-KGEB	SF25
6C33	D-KGED	GLIM
6C3D	D-KGEN	GLID
6C4B	D-KGFB	GLIM
6C50	D-KGFG	GLIM
6C55	D-KGFL	RF5
6C5C	D-KGFS	G109
6C5D	D-KGFT	G109
6C5E	D-KGFU	G109
6C60	D-KGFW	G109
6C63	D-KGFZ	G109
6C69	D-KGGF	GLIM
6C6B	D-KGGH	GLID
6C6E	D-KGGK	GLIM
6C71	D-KGGN	GLIM
6C77	D-KGGT	GLIM
6C7B	D-KGGX	GLIM
6C7C	D-KGGY	GLIM
6C7E	D-KGHA	GLIM
6C83	D-KGHF	GLID
6C84	D-KGHG	GLIM
6C86	D-KGHI	GLID
6C89	D-KGHL	GLIM
6C8A	D-KGHM	GLIM
6C94	D-KGHW	GLIM
6CA3	D-KGIL	GLID
6CAB	D-KGIT	GLIM
6CAC	D-KGIU	GLID
6CB3	D-KGJB	GLID
6CBE	D-KGJM	GLID
6CC5	D-KGJT	GLIM
6CD6	D-KGKK	GLID
6CEE	D-KGLI	GLID
6CF1	D-KGLL	GLID
6CF4	D-KGLO	DIMO
6CF7	D-KGLR	GLIM
6CF8	D-KGLS	GLID
6CF9	D-KGLT	GLIM
6CFC	D-KGLW	DIMO
6CFD	D-KGLX	GLIM
6D00	D-KGMA	GLIM
6D01	D-KGMB	GLIM
6D03	D-KGMD	GLIM
6D05	D-KGMF	GLID
6D07	D-KGMH	GLIM
6D0F	D-KGMP	GLIM
6D11	D-KGMR	GLIM
6D16	D-KGMW	GLIM
6D1D	D-KGND	GLIM
6D45	D-KGOR	GLID
6D4F	D-KGPB	DIMO
6D53	D-KGPF	GLID
6D5A	D-KGPM	GLID
6D5F	D-KGPR	GLID
6D89	D-KGRH	SF25
6D8E	D-KGRM	DIMO
6D96	D-KGRU	RF4
6D9C	D-KGSA	GLID
6DA2	D-KGSG	DIMO
6DA7	D-KGSL	GLID
6DA8	D-KGSM	GLIM
6DB0	D-KGSU	GLID
6DB2	D-KGSW	GLIM
6DB3	D-KGSX	GLIM
6DB7	D-KGTB	DIMO
6DB8	D-KGTC	DIMO
6DB9	D-KGTD	DIMO
6DBA	D-KGTE	DIMO
6DBB	D-KGTF	DIMO
6DBC	D-KGTG	DIMO
6DBD	D-KGTH	DIMO
6DBE	D-KGTI	DIMO
6DBF	D-KGTJ	DIMO
6DC9	D-KGTT	GLID
6DD0	D-KGUA	DIMO
6DD1	D-KGUB	GLID
6DDF	D-KGUP	DIMO
6DE8	D-KGUY	GLIM
6DF6	D-KGVM	GLID
6DFC	D-KGVS	GLIM
6DFD	D-KGVT	GLIM
6E05	D-KGWB	GLIM
6E0A	D-KGWG	GLID
6E0B	D-KGWH	GLID
6E0F	D-KGWL	DIMO
6E6D	D-KHAB	GLIM
6E71	D-KHAF	GLID
6E73	D-KHAH	GLIM
6E86	D-KHBA	G109
6E89	D-KHBD	GLID
6E8C	D-KHBG	DIMO
6E93	D-KHBN	GLID
6E99	D-KHBT	GLIM
6EA0	D-KHCA	DIMO
6EAE	D-KHCO	TFUN
6EBB	D-KHDB	GLIM
6EC6	D-KHDM	GLIM
6ED6	D-KHEC	SF25
6EDF	D-KHEL	GLID
6EE1	D-KHEN	SF25
6EE3	D-KHEP	SF25
6EE6	D-KHES	GLIM
6EEF	D-KHFB	DIMO
6EF2	D-KHFE	SF25
6EFA	D-KHFM	GLIM
6EFB	D-KHFN	GLIM
6F08	D-KHGA	SF25
6F0E	D-KHGG	GLIM
6F11	D-KHGJ	GLID
6F14	D-KHGM	GLIM
6F19	D-KHGR	GLIM
6F1A	D-KHGS	GLIM
6F1E	D-KHGW	GLIM
6F24	D-KHHC	GLIM
6F28	D-KHHG	GLID
6F29	D-KHHH	GLIM
6F36	D-KHHU	GLID
6F3D	D-KHIB	GLID
6F40	D-KHIE	GLIM
6F47	D-KHIL	GLID
6F48	D-KHIM	TFUN
6F4D	D-KHIR	DIMO
6F5C	D-KHJG	RF5
6F5D	D-KHJH	GLID
6F61	D-KHJL	GLIM
6F62	D-KHJM	GLIM
6F68	D-KHJS	GLID
6F76	D-KHKG	GLIM
6F78	D-KHKI	GLID
6F86	D-KHKW	GLID
6F93	D-KHLJ	DIMO
6F9C	D-KHLS	GLIM
6FA4	D-KHMA	GLIM
6FA6	D-KHMC	G109
6FAA	D-KHMG	DIMO
6FAC	D-KHMI	GLIM
6FAF	D-KHML	GLIM
6FB0	D-KHMM	SF25
6FBA	D-KHMW	GLIM
6FBC	D-KHMY	GLIM
6FCC	D-KHNO	GLIM
6FD8	D-KHOA	GLID
6FD9	D-KHOB	GLIM
6FDC	D-KHOE	DIMO
6FDD	D-KHOF	SF25
6FE0	D-KHOI	SF25
6FE4	D-KHOM	GLID
6FE9	D-KHOR	GLIM
7005	D-KHPT	GLIM
7006	D-KHPU	GLIM
7008	D-KHPW	GLIM
7013	D-KHQH	DIMO
7027	D-KHRB	DIMO
7029	D-KHRD	GLIM
702E	D-KHRI	GLID
7031	D-KHRL	GLIM
7040	D-KHSA	GLID
7041	D-KHSB	GLIM
7045	D-KHSF	GLIM
7047	D-KHSH	GLIM
704B	D-KHSL	GLIM
704C	D-KHSM	GLIM
704E	D-KHSO	GLID
7051	D-KHSR	GLIM
7053	D-KHST	GLID
7058	D-KHSY	GLIM
705A	D-KHTA	G109
705B	D-KHTB	G109
7062	D-KHTI	GLIM
7069	D-KHTP	GLIM
7070	D-KHTW	GLIM
708E	D-KHVA	GLID
7099	D-KHVL	SF25
70AF	D-KHWH	G109
70BA	D-KHWS	GLIM
70E7	D-KHYL	GLIM
70F0	D-KHYU	GLIM
70F6	D-KHZA	GLIM
7112	D-KIAC	SF25
7113	D-KIAD	SF25
7116	D-KIAG	SF25
7118	D-KIAI	SF25
711A	D-KIAK	SF25
711B	D-KIAL	SF25
711C	D-KIAM	GLID
711D	D-KIAN	SF25
711F	D-KIAP	SF25
7121	D-KIAR	SF25
7122	D-KIAS	SF25
7123	D-KIAT	SF25
7126	D-KIAW	SF25
7128	D-KIAY	SF25
7129	D-KIAZ	SF25
712B	D-KIBB	GLIM
712C	D-KIBC	DIMO
712E	D-KIBE	GLIM
7132	D-KIBI	GLIM
7134	D-KIBK	GLIM
7136	D-KIBM	GLID
7137	D-KIBN	GLIM
714B	D-KICH	AS16
714C	D-KICI	DIMO
714F	D-KICK	GLIM
7152	D-KICO	TFUN
7156	D-KICS	GLIM
715E	D-KIDA	DIMO
715F	D-KIDB	GLID
7163	D-KIDF	GLID
716C	D-KIDO	GLIM
7175	D-KIDX	GLIM
7177	D-KIDZ	GLIM
7178	D-KIEA	SF25
7179	D-KIEB	GLIM
717A	D-KIEC	SF25
717B	D-KIED	DIMO
717C	D-KIEE	SF25
717D	D-KIEF	GLID
717E	D-KIEG	GLID
7180	D-KIEI	SF25
7182	D-KIEK	SF25
7183	D-KIEL	GLIM
7185	D-KIEN	SF25
7186	D-KIEO	SF25
7187	D-KIEP	SF25
7189	D-KIER	SF25
718A	D-KIES	GLIM
718B	D-KIET	SF25
718D	D-KIEV	SF25
718E	D-KIEW	SF25
718F	D-KIEX	GLID
7190	D-KIEY	SF25
7193	D-KIFB	GLIM
7196	D-KIFE	SF25
719A	D-KIFI	SF25
719E	D-KIFM	RF5
71A0	D-KIFO	GLIM
71A1	D-KIFP	RF5
71A3	D-KIFR	TFUN
71AB	D-KIFZ	GLIM
71AE	D-KIGC	GLID
71B2	D-KIGG	GLIM
71B3	D-KIGH	GLIM
71B4	D-KIGI	RF5
71B6	D-KIGK	GLID
71BB	D-KIGP	GLIM
71BD	D-KIGR	GLIM
71BF	D-KIGT	RF4
71C2	D-KIGW	G109
71C4	D-KIGY	GLIM
71CB	D-KIHF	GLID
71CD	D-KIHH	GLID
71D1	D-KIHL	GLID
71D3	D-KIHN	GLIM
71D4	D-KIHO	RF5
71DC	D-KIHW	GLID
71E2	D-KIIC	GLIM
71F0	D-KIIQ	GLIM
71F1	D-KIIR	GLID
71F3	D-KIIT	GLIM
71F9	D-KIIZ	GLID
71FB	D-KIJB	GLIM
71FD	D-KIJD	GLIM
7204	D-KIJK	GLIM
7205	D-KIJL	GLID
7208	D-KIJO	GLIM
7209	D-KIJP	GLID
7217	D-KIDK	DIMO
721C	D-KIKI	RF3
7222	D-KIKO	G109
722C	D-KIKY	GLIM
722F	D-KILB	GLID
7232	D-KILE	GLIM
7236	D-KILI	GLIM
7239	D-KILL	GLID
723A	D-KILM	GLIM
723C	D-KILO	GLIM
7241	D-KILT	RF4
7247	D-KILZ	GLIM
724D	D-KIMF	GLID
7256	D-KIMO	GLIM
725A	D-KIMS	DIMO
7262	D-KINA	SF25
7268	D-KING	DIMO
726A	D-KINI	G109
7275	D-KINT	SF25
7279	D-KINX	GLID
727D	D-KIOB	SF25
7280	D-KIOE	SF25
7281	D-KIOF	SF25
7282	D-KIOG	SF25
7284	D-KIOI	SF25
7285	D-KIOJ	GLIM
7287	D-KIOL	GLID
7288	D-KIOM	SF25
7289	D-KION	SF25
728A	D-KIOO	SF25
728B	D-KIOP	SF25
728C	D-KIOQ	SF25
728D	D-KIOR	SF25
728E	D-KIOS	SF25
728F	D-KIOT	SF25
7290	D-KIOU	SF25
7291	D-KIOV	SF25
7292	D-KIOW	SF25
7294	D-KIOY	SF25
7295	D-KIOZ	SF25
7299	D-KIPD	SF25
729A	D-KIPE	SF25
729D	D-KIPH	GLIM
729E	D-KIPI	G109
72A8	D-KIPS	DIMO
72AC	D-KIPW	GLIM
72AF	D-KIPZ	GLID
72C7	D-KIQX	GLIM
72CB	D-KIRB	GLID
72CF	D-KIRF	GLIM
72E4	D-KISA	GLID
72E5	D-KISB	DIMO
72EB	D-KISH	GLIM
72EC	D-KISI	GLID
72ED	D-KISJ	GLID
72EF	D-KISL	GLID
72F6	D-KISS	GLIM
72F9	D-KISV	GLID
72FC	D-KISY	GLIM
7302	D-KITE	RF3
7303	D-KITF	GLID
730A	D-KITM	GLID
730C	D-KITO	GLIM
7310	D-KITS	GLIM
7311	D-KITT	GLIM
7316	D-KITY	AS16
7327	D-XXUP	GLID
732B	D-KIUT	GLIM
7336	D-KIVE	AS16
7337	D-KIVF	GLID
7338	D-KIVG	GLIM
733F	D-KIVN	GLID
7340	D-KIVO	AS16
7341	D-KIVP	GLIM
7346	D-KIVU	TFUN
734A	D-KIVY	AS16
7350	D-KIWE	GLIM
7355	D-KIWJ	GLID
7362	D-KIWW	GLID
7378	D-KIXS	GLID
7388	D-KIYI	GLIM
73A0	D-KIZG	S12
73B2	D-KIZY	GLIM
73B5	D-KJAB	GLIM
73BA	D-KJAG	GLIM
73C1	D-KJAN	GLIM
73CE	D-KJBA	SF25
73CF	D-KJBB	GLIM
73D4	D-KJBG	GLID
73DC	D-KJBO	GLIM
73E4	D-KJBW	GLIM
73E9	D-KJCB	GLIM
73F3	D-KJCL	GLID
73F4	D-KCJM	GLID
73FB	D-KJCT	GLIM
742E	D-KJES	S12
742F	D-KJET	GLID
7439	D-KJFD	GLIM
744C	D-KJFW	GLID
7456	D-KJGG	GLID
7462	D-KJGS	GLID
7471	D-KJHH	GLIM
747C	D-KJHS	GLID
748C	D-KJII	GLIM
74A4	D-KJJG	GLIM
74AD	D-KJJP	GLID
74B8	D-KJKA	GLID
74D2	D-KJLA	GLID
74D9	D-KJLH	GLIM
74E6	D-KJLU	GLIM
74F1	D-KJMF	GLID
74F2	D-KJMG	GLIM
74F7	D-KJML	GLID
74F8	D-KJMM	GLIM
74FE	D-KJMS	GLIM
751A	D-KJNU	GLIM
7524	D-KJOE	GLID
752D	D-KJON	GLID
7532	D-KJOS	GLIM
7536	D-KJOW	GLIM
753C	D-KJPC	GLID
753F	D-KJPF	GLID
7540	D-KJPG	GLID
7545	D-KJPL	GLID
7567	D-KJQT	DIMO
756E	D-KJRA	GLIM
757A	D-KJRM	GLIM
757F	D-KJRR	GLIM
7588	D-KJSA	GLIM
7590	D-KJSI	GLID
7594	D-KJSM	GLIM
75AF	D-KJTN	TFUN
75B4	D-KJTS	GLID
75B5	D-KJTT	GLID
75C7	D-KJUL	G109
75C9	D-KJUN	GLIM
75DB	D-KJVF	GLID
75F4	D-KJWE	GLIM
7603	D-KJWT	GLIM
7607	D-KJWX	GLID
763E	D-KJZA	GLID
7657	D-KJZZ	GLID
7658	D-KKAA	GLIM
7659	D-KKAB	GLID
765A	D-KKAC	GLIM
765B	D-KKAD	SF25
7661	D-KKAJ	GLIM
7663	D-KKAL	GLIM
7664	D-KKAM	GLIM
7665	D-KKAN	DIMO
7666	D-KKAO	RF4
7667	D-KKAP	GLIM
7669	D-KKAR	GLIM
766B	D-KKAT	GLID
766F	D-KKAX	GLIM
7670	D-KKAY	GLID
7672	D-KKBA	GLIM
7674	D-KKBC	GLIM
7676	D-KKBE	GLIM
7678	D-KKBG	GLIM
767E	D-KKBM	GLIM
7683	D-KKBR	DIMO
7684	D-KKBS	GLIM
7688	D-KKBW	GLID
7689	D-KKBX	GLIM
768D	D-KKCB	GLIM
768E	D-KKCC	GLIM
768F	D-KKCD	GLID
7690	D-KKCE	GLID
7693	D-KKCH	GLIM
7697	D-KKCL	GLIM
7699	D-KKCN	DIMO
769A	D-3401	GLID
769D	D-KKCR	GLIM
769F	D-KKCT	GLID
76A2	D-KKCW	GLIM
76A9	D-KKDD	GLID
76AB	D-KKDF	GLID
76B3	D-KKDN	DIMO
76BA	D-KKDU	GLIM
76C2	D-KKEC	SF25
76CA	D-KKEK	GLID
76CC	D-KKEM	GLID
76D3	D-KKET	GLIM
76D7	D-KKEX	GLID
76DE	D-KKFE	GLIM
76DF	D-KKFF	GLID
76E4	D-KKFK	GLIM
76E5	D-KKFL	RF5
76E9	D-KKFP	GLID
76F5	D-KKGB	GLIM
76F9	D-KKGF	GLID
76FF	D-KKGL	GLIM
7701	D-KKGN	GLID
7706	D-KKGS	GLIM
770A	D-KKGW	GLIM
770E	D-KKHA	GLIM
770F	D-KKHB	GLID
7713	D-KKHF	GLIM
7718	D-KKHK	GLIM
771F	D-KKHR	GLID
7720	D-KKHS	GLIM
7721	D-KKHT	GLID
7724	D-KKHW	GLID
7728	D-KKIA	GLID
773A	D-KKIS	GLID
773F	D-KKIX	GLIM
7747	D-KKJF	GLIM
774C	D-KKJK	GLID
775E	D-KKKC	GLIM
7762	D-KKKG	GLIM
7763	D-KKKH	GLIM
7767	D-KKKL	GLIM
7770	D-KKKU	GLIM
7772	D-KKKW	GLIM
7777	D-KKLB	GLIM
777C	D-KKLG	GLIM
777D	D-KKLH	GLIM
7781	D-KKLL	G109
7793	D-KKMD	GLID
7794	D-KKME	GLIM
7795	D-KKMF	GLIM
7797	D-KKMH	GLIM
779B	D-KKML	S12
779E	D-KKMO	GLIM
77A3	D-KKMT	GLIM
77A8	D-KKMY	GLID
77C3	D-KKNZ	GLID
77C8	D-KKOE	GLIM
77CE	D-KKOK	GLIM
77D0	D-KKOM	GLIM
77D1	D-KKON	GLIM
77D2	D-KKOO	GLID
77D3	D-KKOP	GLIM
77D9	D-KKOV	DIMO
77E3	D-KKPF	SF25
77E8	D-KKPK	GLIM
77ED	D-KKPP	GLIM
7812	D-KKRA	GLIM
781A	D-KKRI	GLID
781E	D-KKRM	GLIM
7820	D-KKRO	GLID
7823	D-KKRR	GLIM
782D	D-KKSB	GLIM
7833	D-KKSH	GLID
783F	D-KKST	GLID
7840	D-KKSU	GLIM
7841	D-KKSV	GLID
7844	D-KKSY	GLIM
7845	D-KKSZ	GLID
7847	D-KKTB	GLID
784D	D-KKTH	GLID
784E	D-KKTI	GLIM
7850	D-KKTK	RF3
7852	D-KKTM	RF4
785C	D-KKTW	GLIM
7860	D-KKUA	GLIM
7861	D-KKUB	GLIM
7871	D-KKUR	GLIM
7872	D-KKUS	GLID
787B	D-KKVB	GLIM
7885	D-KKVL	GLIM
788F	D-KKVV	GLID
7895	D-XXWB	GLID
789C	D-KKWI	GLID
78A0	D-KKWM	GLIM
78AA	D-KKWW	GLIM
78B9	D-KKXL	GLID
78C5	D-KKXX	GLIM
78CB	D-KKYD	GLIM
78F9	D-KKZX	GLIM
78FB	D-KKZZ	GLID
78FD	D-KLAB	GLID
7902	D-KLAG	GLID
7904	D-KLAI	DIMO
7908	D-KLAM	RF5
790E	D-KLAS	GLID
7910	D-KLAU	SF25
7913	D-KLAX	SF25
7916	D-KLBA	SF25
792C	D-KLBW	G109
7932	D-KLCC	GLIM
7937	D-KLCH	GLIM
7942	D-KLCS	GLID
7943	D-KLCT	DIMO
794B	D-KLDB	GLID
7950	D-KLDG	GLIM
7951	D-KLDH	GLID
795B	D-KLDR	GLIM
7964	D-KLEA	GLID
7965	D-KLEB	GLIM
7968	D-KLEE	RF5
7969	D-KLEF	DIMO
796C	D-KLEI	DIMO
7970	D-KLEM	DIMO
7972	D-KLEO	GLID
7973	D-KLEP	GLID
7975	D-KLER	RF5
7978	D-KLEU	GLIM
797B	D-KLEX	SF25
797C	D-KLEY	GLID
797D	D-KLEZ	GLIM
797E	D-KLFA	G109
7992	D-KLFU	GLID
7994	D-KLFW	DIMO
7998	D-KLGA	GLIM
79A4	D-KLGM	GLIM
79AA	D-KLGS	GLIM
79B2	D-KLHA	GLIM
79B9	D-KLHH	GLID
79BD	D-KLHL	GLIM
79D1	D-KLIF	DIMO
79D6	D-KLIK	RF5
79D8	D-KLIM	GLID
79D9	D-KLIN	DIMO
79F5	D-KLJP	GLID
7A00	D-KLKA	GLIM
7A04	D-KLKE	DIMO
7A0B	D-KLKL	GLIM
7A12	D-KLKS	GLIM
7A1A	D-KLLA	GLIM
7A25	D-KLLL	GLIM
7A2C	D-KLLS	GLID
7A30	D-KLLW	GLIM
7A33	D-KLLZ	GLID
7A3C	D-KLMI	DIMO
7A3D	D-KLMJ	DIMO
7A3E	D-KLMK	DIMO
7A3F	D-KLML	DIMO
7A40	D-KLMM	DIMO
7A41	D-KLMN	GLID
7A6C	D-KLOE	GLIM
7A72	D-KLOK	GLID
7A73	D-KLOL	GLIM
7A79	D-KLOR	RF5
7A82	D-KLPA	GLIM
7A89	D-KLPH	DIMO
7A91	D-KLPP	GLIM
7A94	D-KLPS	DIMO
7A98	D-KLPW	GLID
7A9A	D-KLPY	GLIM
7ABD	D-KLRH	GLID
7AC4	D-KLRO	GLID
7ACC	D-KLRW	GLIM
7AD0	D-KLSA	GLID
7AD1	D-KLSB	SF25
7AD4	D-KLSE	GLIM
7AD6	D-KLSG	GLID
7AD9	D-KLSJ	GLIM
7ADA	D-KLSK	GLID
7ADC	D-KLSM	GLID
7ADE	D-KSUW	GLID
7AE1	D-KLSR	GLID
7AE4	D-KLSU	GLIM
7AE5	D-KLSV	DIMO
7AE6	D-KLSW	SF25
7AE7	D-KLSX	GLIM
7AF2	D-KLTI	GLIM
7AFD	D-KLTT	GLIM
7B17	D-KLUT	GLIM
7B1E	D-KLVA	DIMO
7B1F	D-KLVB	GLID
7B26	D-KLVI	G109
7B2F	D-KLVR	GLIM
7B33	D-KLVV	GLIM
7B34	D-KLVW	DIMO
7B44	D-KLWM	SF25
7B46	D-KLWO	GLIM
7B4A	D-KLWS	GLIM
7B4E	D-KLWW	IS28
7B59	D-KLXH	GLIM
7B5E	D-KLXM	GLID
7B67	D-KLXV	GLIM
7B76	D-KLYK	GLID
7B9B	D-KLZV	GLID
7BA0	D-KMAA	GLIM
7BA6	D-KMAG	SF25
7BA7	D-KMAH	GLIM
7BA9	D-KMAJ	GLIM
7BAB	D-KMAL	DIMO
7BAC	D-KMAM	GLIM
7BAF	D-KMAP	GLID
7BB2	D-KMAS	GLID
7BB3	D-KMAT	GLID
7BB4	D-KMAU	GLIM
7BBD	D-KMBD	GLIM
7BBE	D-KMBE	GLIM
7BC5	D-KMBL	DIMO
7BC6	D-KMBM	GLIM
7BC9	D-KMBP	GLIM
7BCB	D-KMBR	GLID
7BD4	D-KMCA	SF25
7BD5	D-KMCB	GLIM
7BDB	D-KMCH	GLID
7BE6	D-KMCS	DIMO
7BEA	D-KMCW	GLID
7BF8	D-KMDK	GLIM
7BFC	D-KMDO	GLIM
7C07	D-KMDZ	RF3
7C08	D-KMEA	GLIM
7C0A	D-KMEC	AV68
7C0B	D-KMED	G109
7C11	D-KMEJ	GLIM
7C13	D-KMEL	GLIM
7C19	D-KMER	TFUN
7C1A	D-KMES	AS16
7C1B	D-KMET	AS16
7C1C	D-KMEU	GLIM
7C1F	D-KMEX	GLIM
7C20	D-KMEY	SF25
7C22	D-KNRW	GLID
7C27	D-KMFF	GLIM
7C38	D-KMFW	GLIM
7C3C	D-KMGA	DIMO
7C3D	D-KMGB	SF28
7C42	D-KMGG	GLID
7C4A	D-KMGO	DIMO
7C4D	D-KMGR	GLIM
7C4E	D-KMGS	GLIM
7C5B	D-KMHF	GLIM
7C5C	D-KMHG	GLID
7C61	D-KMHL	GLID
7C64	D-KMHO	GLID
7C67	D-KMHR	GLIM
7C6A	D-KMHU	GLIM
7C71	D-KMIB	GLIM
7C78	D-KMII	GLID
7C7A	D-KMIK	GLID
7C7C	D-KMIM	GLID
7C7D	D-KMIN	GLIM
7C7F	D-KMIP	GLID
7C82	D-KMIS	DIMO
7C8A	D-KMJA	GLIM
7C8E	D-KMJE	SF25
7C91	D-KMJH	SF25
7C92	D-KMJI	SF25
7C98	D-KMJO	GLID
7C9B	D-KMJR	GLID
7CAF	D-KMKL	GLID
7CB5	D-KMKR	DIMO
7CB6	D-KMKS	DIMO
7CBA	D-KMKW	GLIM
7CBF	D-KMLB	GLIM
7CC6	D-KMLI	GLID
7CCA	D-KMLM	GLIM
7CCB	D-KMLN	GLID
7CD0	D-KMLS	GLID
7CDD	D-KMMF	S6
7CDE	D-KMMG	GLID
7CDF	D-KMMH	GLID
7CE3	D-KMML	DIMO
7CE4	D-KMMM	SF25
7CE6	D-KMMO	GLIM
7CEA	D-KMMS	GLIM
7CEB	D-KMMT	GLID
7CF4	D-KMNC	GLIM
7D08	D-KMNW	GLIM
7D10	D-KMOE	GLID
7D13	D-KMOH	GLIM
7D1D	D-KMOR	SF25
7D2A	D-KMPE	SF25
7D2E	D-KMPI	GLIM
7D32	D-KMPM	GLID
7D38	D-KMPS	SF25
7D61	D-KMRH	SF25
7D66	D-KMRM	G109
7D68	D-KMRO	GLIM
7D76	D-KMSC	SF25
7D7C	D-KMSI	GLID
7D84	D-KMSQ	SF25
7D89	D-KMSV	GLID
7D8C	D-KMSY	GLIM
7D92	D-KMTE	GLID
7D99	D-KMTL	GLIM
7D9A	D-KMTM	GLID
7D9C	D-KMTO	GLIM
7DA1	D-KMTT	DIMO
7DA5	D-KMTX	GLIM
7DA7	D-KMTZ	GLIM
7DA9	D-KMUB	GLIM
7DAA	D-KMUC	GLIM
7DAB	D-KMUD	AV68
7DAF	D-KMUH	SF25
7DE3	D-KMWH	GLIM
7DF2	D-KMWW	GLIM
7E23	D-KMYT	GLIM
7E3F	D-KMZV	GLID
7E45	D-KNAB	SF25
7E48	D-KNAE	GLID
7E4A	D-KNAG	SF25
7E4F	D-KNAL	SF25
7E50	D-KNAM	SF25
7E53	D-KNAP	GLIM
7E54	D-KNAQ	SF25
7E56	D-KNAS	SF25
7E57	D-KNAT	SF25
7E58	D-KNAU	SF25
7E5A	D-KNAW	SF25
7E5B	D-KNAX	SF25
7E5F	D-KNBB	GLIM
7E83	D-KNCL	GLID
7E84	D-KNCM	GLIM
7EAD	D-KNEB	G109
7EAE	D-KNEC	G109
7EAF	D-KNED	G109
7EB0	D-KNEE	G109
7EB2	D-KNEG	G109
7EB7	D-KNEL	G109
7EB8	D-KNEM	G109
7EBA	D-KNEO	G109
7EBD	D-KNER	G109
7EBE	D-KNES	G109
7EC2	D-KNEW	GLID
7EC3	D-KNEX	G109
7EC6	D-KNFA	GLIM
7ECD	D-KNFH	GLIM
7EE6	D-KNGG	GLID
7EF2	D-KNGS	GLIM
7EFB	D-KNHB	GLIM
7EFC	D-KNHC	GLIM
7F14	D-KNIA	SF25
7F16	D-KNIC	SF25
7F19	D-KNIF	SF25
7F1A	D-KNIG	SF25
7F1B	D-KNIH	SF25
7F1C	D-KNII	SF25
7F1D	D-KNIJ	SF25
7F20	D-KNIM	SF25
7F21	D-KNIN	SF25
7F23	D-KNIP	GLID
7F24	D-KNIQ	SF25
7F26	D-KNIS	SF25
7F27	D-KNIT	SF25
7F28	D-KNIU	SF25
7F29	D-KNIV	SF25
7F2A	D-KNIW	SF25
7F2B	D-KNIX	GLID
7F38	D-KNJK	GLIM
7F51	D-KNKJ	GLID
7F75	D-KNLT	S12
7F7C	D-KNMA	GLIM
7F8D	D-KNMR	GLID
7F94	D-KNMY	GLIM
7FA0	D-KNNK	GLIM
7FA3	D-KNNN	GLID
7FB4	D-KNOE	GLID
7FBC	D-KNOM	GLIM
7FBD	D-KNON	GLIM
7FBF	D-KNOP	SF25
7FC2	D-KNOS	GLIM
7FC6	D-KNOW	G109
801E	79+18	NH90
805E	D-KNUS	AS16
8085	D-KNWF	DIMO
80A7	D-KNXN	GLIM
80AF	79+57	NH90
80C0	55+01	C30J
80DF	55+02	C30J
810F	D-KOBN	SF25
8182	55+03	C30J
8192	D-KOGO	RF5
8196	D-KOGS	GLID
81D3	D-KOJB	SF25
826F	54+15	A400
82EA	79+39	NH90
854F	10+03	A359
857E	79+10	NH90
85C4	79+08	NH90
865F	54+22	A400
875E	55+04	C30J
8764	55+05	C30J
8819	55+06	C30J
8998	79+58	NH90
89E7	16+02	A343
8A4A	78+29	NH90
8B02	54+40	A400
8B13	76+04	EC45
8B35	76+13	EC45
8B41	54+13	A400
8C6B	79+21	NH90
8E96	54+34	A400
8EF2	79+53	NH90
8F0F	79+41	NH90
90C8	79+20	NH90
9150	D-KUFO	SF25
91EE	54+41	A400
920F	76+05	EC45
936C	30+35	EUFI
94DA	D-KVOK	DIMO
953A	76+01	EC45
95CA	14+05	GLEX
95DC	74+55	TIGR
9681	D-KWER	DIMO
96CB	31+16	EUFI
97EB	79+42	NH90
9808	54+46	A400
9BF7	54+02	A400
9CD6	78+33	NH90
9DAF	54+48	A400
9FD2	54+29	A400
A048	54+26	A400
A12C	10+01	A359
A1CC	54+04	A400
A34A	76+02	EC45
A541	54+19	A400
A556	54+10	A400
A5BC	54+45	A400
A653	54+05	A400
A74D	78+15	NH90
A764	78+30	NH90
A92A	51+06	C160
AC69	76+06	EC45
AD63	54+39	A400
ADE8	76+07	EC45
AED6	78+01	NH90
AED7	82+01	AS32
B1A6	16+01	A343
B200	30+51	EUFI
B522	78+27	NH90
B57B	78+32	NH90
B6B3	74+04	TIGR
B6E8	D-KGBG	S12
B6F8	79+19	NH90
B866	78+16	NH90
BD41	14+06	GLEX
BD9A	82-0X	AS32
BE12	14+07	GLEX
C025	D-KNSN	DIMO
C058	D-KNUM	TFUN
C080	D-KNWA	GLID
C0EF	D-KOAH	SF28
C0F0	D-KOAI	GLID
C0FA	D-KOAS	G109
C103	D-KOBB	DIMO
C106	D-KOBE	GLIM
C11E	D-KOCC	G109
C11F	D-KOCD	SF25
C123	D-KOCH	DIMO
C12B	D-KOCP	GLIM
C12E	D-KOCS	GLIM
C136	D-KODA	SF25
C13E	D-KODI	SF25
C150	D-KOEA	SF28
C157	D-KOEH	TFUN
C15F	D-KOEP	SF25
C161	D-KOER	SF25
C165	D-KOEV	SF25
C167	D-KOEX	SF28
C16D	D-KOFD	GLID
C174	D-KOFK	GLID
C182	D-KOFY	TFUN
C185	D-KOGB	GLIM
C188	D-KOGE	SZ45
C190	D-KOGM	GLID
C191	D-KOGN	SF25
C19C	D-KOGY	TFUN
C19F	D-KOHB	GLIM
C1AC	D-KOHO	RF4
C1B4	D-KOHW	GLIM
C1B8	D-KOIA	GLID
C1BE	D-KOIG	SF25
C1C0	D-KOII	SF25
C1C2	D-KOIK	SF25
C1C4	D-KOIM	SF25
C1C5	D-KOIN	GLIM
C1CA	D-KOIS	DIMO
C1CE	D-KOIW	GLIM
C1D6	D-KOJE	GLID
C1F0	D-KOKE	GLIM
C1F3	D-KOKH	GLIM
C1F6	D-KOKK	GLIM
C1FA	D-KOKO	RF5
C206	D-KOLA	GLIM
C207	D-KOLB	GLID
C208	D-KOLC	GLID
C20B	D-KOLF	GLID
C20C	D-KOLG	GLIM
C212	D-KOLM	GLIM
C214	D-KOLO	GLID
C219	D-KOLT	SF25
C227	D-KOMH	DIMO
C228	D-KOMI	SF25
C22C	D-KOMM	GLID
C232	D-KOMS	G109
C233	D-KOMT	GLIM
C23F	D-KONF	RF5
C242	D-KONI	GLID
C249	D-KONP	GLID
C251	D-KONX	GLID
C253	D-KONZ	SF25
C258	D-KOOE	SF25
C259	D-KOOF	GLID
C25C	D-KOOI	GLID
C25D	D-KOOJ	SF25
C25F	D-KOOL	GLIM
C260	D-KOOM	SF25
C262	D-KOOO	GLID
C266	D-KOOS	SF25
C267	D-KOOT	SF25
C268	D-KOOU	SF25
C26E	D-KOPA	GLID
C27D	D-KOPP	DIMO
C280	D-KOPS	GLID
C2A0	D-KOQY	SF25
C2A4	D-KORC	RF5
C2A5	D-KORD	TFUN
C2B4	D-KORS	GLIM
C2BC	D-KOSA	SF25
C2C3	D-KOSH	GLIM
C2C5	D-KOSJ	GLID
C2C8	D-KOSM	GLID
C2C9	D-KOSN	AV68
C2CA	D-KOSO	DIMO
C2CB	D-KOSP	GLIM
C2D4	D-KOSY	GLID
C2E9	D-KOTT	SF25
C2EF	D-KOTZ	GLID
C325	D-KOWB	GLIM
C326	D-KOWC	SF25
C32F	D-KOWL	GLIM
C33A	D-KOWW	GLID
C356	D-KOXY	GLIM
C35D	D-KOYF	GLID
C391	D-KPAF	SF25
C395	D-KPAJ	GLIM
C396	D-KPAK	GLIM
C398	D-KPAM	GLID
C399	D-KPAN	AV68
C39F	D-KPAT	DIMO
C3A2	D-KPAW	GLID
C3A4	D-KPAY	GLID
C3AC	D-KPBG	GLIM
C3B2	D-KPBM	GLIM
C3C1	D-KPCB	GLIM
C3C2	D-KPCC	DIMO
C3C7	D-KPCH	GLID
C3DD	D-KPDD	GLIM
C3F5	D-KPEB	GLIM
C400	D-KPEM	GLID
C407	D-KPET	GLID
C40D	D-KPEZ	GLID
C434	D-KPGM	GLIM
C437	D-KPGP	GLIM
C43D	D-KPGV	GLIM
C442	D-KPHA	GLID
C448	D-KPHG	GLIM
C44A	D-KPHI	GLIM
C44B	D-KPHJ	GLIM
C458	D-KPHW	GLIM
C45D	D-KPIB	GLID
C461	D-KPIF	SF25
C464	D-KPII	GLIM
C46F	D-KPIT	GLIM
C47C	D-KPJG	GLID
C488	D-KPJS	GLIM
C49A	D-KPKK	GLIM
C4C3	D-KPLZ	GLIM
C4C5	D-KPMB	GLIM
C4CC	D-KPMI	GLID
C4CF	D-KPML	GLIM
C4D0	D-KPMM	GLIM
C4D2	D-KPMO	GLID
C4D6	D-KPMS	GLIM
C503	D-KPOL	SF25
C507	D-KPOP	GLID
C50A	D-KPOS	GLIM
C512	D-KPPA	GLIM
C523	D-KPPR	GLIM
C529	D-KPPX	GLID
C547	D-KPRB	GLIM
C549	D-KPRD	GLIM
C55C	D-KPRW	GLIM
C566	D-KPVI	GLID
C56C	D-KPSM	GLID
C56D	D-KPSN	SF25
C56F	D-KPSP	GLID
C575	D-KPSV	DIMO
C57B	D-KPTB	GLIM
C585	D-KPTL	G109
C59C	D-KPUI	GLID
C5A5	D-KPUR	GLIM
C5CF	D-KPWH	GLIM
C5E2	D-KPXA	GLIM
C5FD	D-KPYB	GLIM
C665	D-KQCB	GLIM
C667	D-KQCD	GLIM
C70D	D-KQIN	GLIM
C768	D-KQMA	GLIM
C840	D-KQUI	GLIM
C86D	D-KQWB	GLIM
C872	D-KQWG	GLIM
C8D5	D-KRAB	DIMO
C8D7	D-KRAD	GLIM
C8DA	D-KRAG	GLIM
C8DD	D-KRAJ	GLIM
C8DF	D-KRAL	GLID
C8E0	D-KRAM	SF25
C8E7	D-KRAT	GLIM
C8E8	D-KRAU	GLIM
C8EB	D-KRAX	GLID
C8ED	D-KRAZ	GLIM
C8EE	D-KRBA	GLID
C8EF	D-KRBB	GLIM
C8FA	D-KRBM	DIMO
C92D	D-KRDL	GLIM
C931	D-KRDP	DIMO
C93E	D-KREC	GLID
C943	D-KREH	GLIM
C949	D-KREN	GLID
C94E	D-KRES	DIMO
C951	D-KREV	GLID
C952	D-KREW	GLIM
C970	D-KRGA	GLID
C973	D-KRGD	AV68
C97E	D-KRGO	GLIM
C98B	D-KRHB	GLIM
C991	D-KRHH	GLIM
C99D	D-KRHT	GLIM
C9A7	D-KRID	GLID
C9BF	D-KRJB	DIMO
C9CD	D-KRJP	GLIM
C9CF	D-KRJR	GLID
C9D8	D-KRKA	GLIM
C9E2	D-KRKK	GLID
C9F2	D-KRLA	GLID
C9F9	D-KRLH	GLIM
CA0C	D-KRMA	GLIM
CA0D	D-KRMB	GLIM
CA18	D-KRMM	GLIM
CA1A	D-KRMO	GLIM
CA1E	D-KRMS	GLIM
CA31	D-KRNL	GLIM
CA41	D-KROB	GLIM
CA4C	D-KROM	GLID
CA56	D-KROW	GLIM
CA57	D-KROX	G109
CA5F	D-KRPF	GLIM
CA66	D-KRPM	GLID
CA6A	D-KRPK	GLID
CA94	D-KRRG	GLID
CA98	D-KRRK	TFUN
CAAE	D-KRSG	GLIM
CABB	D-KRST	GLIM
CAC2	D-KRTA	GLID
CADC	D-KRUA	GLIM
CAE6	D-KRUK	S6
CAE8	D-KRUM	SF25
CAE9	D-KRUN	GLID
CB10	D-KRWA	GLID
CB1A	D-KRWK	GLIM
CB3D	D-KRXT	GLID
CB79	D-KSAB	GLIM
CB7F	D-KSAH	SF25
CB84	D-KSAM	AV68
CB85	D-KSAN	GLIM
CB93	D-KSBB	GLIM
CB95	D-KSBD	DIMO
CB98	D-KSBG	GLIM
CB9E	D-KSBM	GLIM
CB9F	D-KSBN	GLIM
CBA5	D-KSBT	GLIM
CBAA	D-KSBY	GLIM
CBAD	D-KSCB	GLIM
CBAE	D-KSCC	GLIM
CBB3	D-KSCH	DIMO
CBB5	D-KSCJ	GLID
CBB7	D-KSCL	GLIM
CBB8	D-KSCM	GLIM
CBBD	D-KSCR	GLIM
CBBF	D-KSCT	GLID
CBC9	D-KSDD	GLID
CBCB	D-KSDF	TFUN
CBCC	D-KSDG	GLIM
CBCE	D-KSDI	GLID
CBDA	D-KSDU	GLIM
CBE0	D-KSEA	GLIM
CBE1	D-KSEB	GLIM
CBE9	D-KSEJ	RF5
CBEC	D-KSEM	DIMO
CBEF	D-KSEP	GLIM
CBF3	D-KSET	GLIM
CBFF	D-KSFF	GLID
CC07	D-KSFN	GLID
CC08	D-KSFO	DIMO
CC0C	D-KSFS	GLIM
CC0E	D-KSFU	DIMO
CC0F	D-KSFV	GLIM
CC10	D-KSFW	GLIM
CC14	D-KSGA	GLID
CC15	D-KSGB	GLID
CC1C	D-KSGI	GLIM
CC1D	D-KSGJ	GLIM
CC1F	D-KSGL	GLID
CC20	D-KSGM	DIMO
CC23	D-KSGP	GLID
CC26	D-KSGS	GLIM
CC2A	D-XXXX	GLID
CC2F	D-KSHB	DIMO
CC34	D-KSHG	GLID
CC36	D-KSHI	GLID
CC38	D-KSHK	GLIM
CC39	D-KSHL	L13S
CC4C	D-KSIE	GLIM
CC4E	D-KSIG	GLIM
CC54	D-KSIM	GLIM
CC55	D-KSIN	SF25
CC56	D-KSIO	GLID
CC5F	D-KSIX	S6
CC61	D-KSIZ	S12
CC62	D-KSJA	GLID
CC68	D-KSJG	GLIM
CC6C	D-KSJK	GLID
CC78	D-KSJW	GLID
CC79	D-KSJX	GLIM
CC7C	D-KSKA	GLIM
CC87	D-KSKL	GLIM
CC94	D-KSKY	GLID
CC96	D-KSLA	GLIM
CC9D	D-KSLH	GLID
CCA1	D-KSLL	GLID
CCA2	D-KSLM	GLIM
CCA4	D-KSLO	GLID
CCA9	D-KSLT	GLID
CCB0	D-KSMA	GLIM
CCB5	D-KSMF	GLIM
CCB6	D-KSMG	GLIM
CCC1	D-KSMR	GLID
CCC2	D-KSMS	GLIM
CCD1	D-KSNH	GLIM
CCE5	D-KSOB	GLIM
CCE8	D-KSOE	GLIM
CCEF	D-KSOL	GLIM
CCF5	D-KSOR	GLIM
CCF6	D-KSOS	GLIM
CD02	D-KSPE	SF25
CD04	D-KSPG	GLID
CD08	D-KSPK	SF25
CD16	D-KSPY	SF25
CD35	D-KSRD	GLIM
CD37	D-KSRF	GLIM
CD41	D-KSRP	GLID
CD48	D-KSRW	GLIM
CD4D	D-KSSB	DIMO
CD56	D-KSSK	GLIM
CD5E	D-KSSS	SF25
CD64	D-KSSY	GLIM
CD69	D-KSTD	GLID
CD72	D-KSTM	GLID
CD80	D-KSUA	GLIM
CD81	D-KSUB	DIMO
CDA9	D-KSVP	DIMO
CDB5	D-KSWB	DIMO
CDBD	D-KSWJ	GLIM
CDC0	D-KSWM	GLID
CDC5	D-KSWR	GLIM
CDC6	D-KSWS	GLID
CE07	D-KSZF	GLID
CE14	D-KSZS	GLID
CE19	D-KSZX	GLIM
CE1C	D-KTAA	GLID
CE22	D-KTAG	GLID
CE25	D-KTAJ	GLID
CE26	D-KTAK	GLIM
CE27	D-KTAL	GLIM
CE32	D-KTAW	GLID
CE33	D-KTAX	GLID
CE37	D-KTBB	GLIM
CE41	D-KTBL	GLIM
CE4D	D-KTBX	GLIM
CE4E	D-KTBY	GLIM
CE50	D-KTCA	GLID
CE59	D-KTCJ	GLID
CE66	D-KTCW	GLIM
CE6B	D-KTDB	GLID
CE6D	D-KTDD	GLIM
CE70	D-KTDG	GLIM
CE71	D-KTDH	GLIM
CE84	D-KTEA	GLID
CE85	D-KTEB	GLID
CE88	D-KTEE	GLIM
CE89	D-KTEF	GLID
CE8F	D-KTEL	GLIM
CEA3	D-KTFF	GLIM
CEB0	D-KTFS	GLIM
CEBC	D-KTGE	GLIM
CEC9	D-KTGR	GLID
CECB	D-KTGT	GLIM
CED8	D-KTHG	GLIM
CEDD	D-KTHL	GLIM
CEE5	D-KTHT	DIMO
CEEC	D-KTIA	GLID
CEED	D-KTIB	SF25
CEEF	D-KTID	SF25
CEF0	D-KTIE	SF25
CEF1	D-KTIF	SF25
CEF3	D-KTIH	SF25
CEF7	D-KTIL	SF25
CEF8	D-KTIM	SF25
CEFB	D-KTIP	GLID
CEFC	D-KTIQ	SF25
CEFD	D-KTIR	SF25
CEFE	D-KTIS	SF25
CEFF	D-KTIT	SF25
CF00	D-KTIU	SF25
CF01	D-KTIV	SF25
CF03	D-KTIX	SF25
CF11	D-KTJL	GLID
CF2B	D-KTKL	GLIM
CF2E	D-KTKO	GLID
CF45	D-KTLL	GLIM
CF51	D-KTLX	GLIM
CF55	D-KTMB	GLID
CF5A	D-KTMG	GLID
CF67	D-KTMT	GLIM
CF6A	D-KTMW	GLIM
CF8F	D-KTOH	GLID
CF93	D-KTOL	DIMO
CF95	D-KTON	GLID
CF9A	D-KTOS	GLID
CF9E	D-KTOW	GLID
CFA0	D-KTOY	GLIM
CFA4	D-KTPC	GLID
CFAB	D-KTPJ	GLIM
CFB3	D-KTPR	GLID
CFF1	D-KTSB	GLIM
CFFC	D-KTSM	GLIM
CFFF	D-KTSP	GLIM
D00C	D-KTTC	DIMO
D00E	D-KTTE	GLID
D014	D-KTTK	GLIM
D028	D-KTUE	GLIM
D03F	D-KTVB	GLIM
D050	D-KTVS	GLIM
D053	D-KTVV	GLID
D055	D-KTVX	GLID
D066	D-KTWO	GLIM
D071	D-KTWZ	GLIM
D0C1	D-KUAB	GLID
D0C3	D-KUAD	GLID
D0D7	D-KUAX	GLIM
D0DA	D-KUBA	GLIM
D0E6	D-KUBM	GLID
D0EB	D-KUBR	GLIM
D0F5	D-KUCB	GLIM
D119	D-KUDL	DIMO
D122	D-KUDU	GLID
D133	D-XX48	GLID
D137	D-KUEP	RF3
D151	D-KUFP	DIMO
D166	D-KUGK	GLID
D16E	D-KUGS	GLIM
D183	D-KUHN	DIMO
D18A	D-KUHU	SF25
D1CC	D-KUKI	GLID
D1CE	D-KUKK	DIMO
D1E6	D-KULI	GLID
D1F1	D-KULT	GLIM
D1F6	D-KULY	TFUN
D1F8	D-KUMA	GLIM
D1F9	D-KUMB	GLID
D203	D-KUML	GLIM
D20B	D-KUMT	GLID
D218	D-KUNG	GLID
D21A	D-KUNI	SF25
D21C	D-KUNK	GLIM
D220	D-KUNO	GLIM
D229	D-KUNX	GLID
D23E	D-KUOS	GLID
D24B	D-KUPF	GLIM
D254	D-KUPO	GLIM
D284	D-KURK	G109
D28C	D-KURS	RF5
D28D	D-KURT	SF25
D293	D-KURZ	SF25
D29C	D-KUSI	GLIM
D2A8	D-KUSU	SF25
D2DC	D-KUUU	GLIM
D303	D-KUWH	GLID
D30A	D-KUWO	GLID
D337	D-KUYH	GLID
D348	D-KUYY	GLIM
D364	D-KVAA	GLID
D36B	D-KVAH	DIMO
D36F	D-KVBB	GLID
D37F	D-2933	GLID
D390	D-KVBS	GLID
D399	D-KVCB	GLIM
D3A4	D-KVCM	GLIM
D3B4	D-KVDC	GLIM
D3C4	D-KVDS	GLIM
D3DE	D-KVES	GLID
D3EB	D-KVFF	GLIM
D3F1	D-KVFL	SF25
D438	D-KVIE	GLID
D43C	D-KVII	GLID
D442	D-KVIO	GLID
D44B	D-KVIX	DIMO
D454	D-KVJG	GLID
D47D	D-KVKV	GLIM
D484	D-KVLC	GLID
D494	D-KVLS	GLID
D495	D-KVLT	GLID
D49B	D-KVLZ	GLIM
D49E	D-KVMC	G109
D4AA	D-KVMO	GLIM
D4CB	D-KVNV	GLIM
D4D5	D-KVOF	DIMO
D4DB	D-KVOL	GLIM
D4F0	D-KVPG	GLID
D524	D-KVRG	GLID
D538	D-KVSA	GLIM
D53A	D-KVSC	GLID
D542	D-KVSK	GLID
D565	D-KVTT	GLID
D569	D-KVTX	GLIM
D58A	D-KVVE	GLID
D58E	D-KVVI	GLIM
D5A6	D-KVWG	GLIM
D5B1	D-KVWR	GLIM
D5EC	D-KVYY	GLIM
D5ED	D-KVYZ	GLID
D5F0	D-KVZC	GLIM
D608	D-KWAA	GLID
D609	D-KWAB	GLIM
D60B	D-3395	GLID
D60D	D-KWAF	GLID
D60F	D-KWAH	GLID
D614	D-KWAM	GLIM
D617	D-KWAP	GLIM
D61A	D-KWAS	GLIM
D61F	D-KWAX	DIMO
D621	D-KWAZ	DIMO
D623	D-KWBB	GLIM
D626	D-KWBE	GLIM
D65C	D-KWDG	GLID
D673	D-KWED	GLIM
D678	D-KWEI	GLIM
D67A	D-KWEK	GLID
D67B	D-KWEL	SF25
D67C	D-KWEM	DIMO
D67D	D-KWEN	AV68
D685	D-KWEV	GLIM
D690	D-KWFG	SF25
D69C	D-KWFS	GLIM
D6A0	D-KWFW	GLID
D6BE	D-KWHA	GLIM
D6BF	D-KWHB	GLIM
D6C8	D-KWHK	GLID
D6CF	D-KWHR	GLID
D6D1	D-KWHT	GLID
D6D3	D-KWHV	DIMO
D6D4	D-KWHW	GLID
D6DE	D-KWIG	GLID
D6E2	D-KWIK	TFUN
D6E3	D-KWIL	GLIM
D6E4	D-KWIM	GLIM
D6E9	D-KWIR	GLIM
D6EB	D-KWIT	SF25
D6EF	D-KWIX	GLIM
D6FE	D-KWJM	GLID
D701	D-KWJP	GLIM
D704	D-KWJS	GLID
D718	D-KWKM	GLIM
D722	D-KWKW	GLIM
D726	D-KWLA	GLIM
D741	D-KWMB	GLIM
D746	D-KWMG	GLID
D74B	D-KWML	GLIM
D74C	D-KWMM	GLIM
D751	D-KWMR	GLID
D770	D-KWNW	GLIM
D77E	D-KWOK	GLIM
D7A0	D-KWPS	GLID
D7CD	D-KWRL	GLID
D7DE	D-KWSC	DIMO
D7E1	D-KWSF	G109
D7E3	D-KWSH	SF25
D7E5	D-KWSJ	L13S
D811	D-KWUB	GLIM
D82E	D-KWVE	SF25
D845	D-KWWB	GLIM
D849	D-KWWF	DIMO
D856	D-KWWS	G109
D85A	D-KWWW	DIMO
D88F	D-KWYX	GLID
D896	D-KWZE	DIMO
D8AC	D-KXAA	GLIM
D8B0	D-KXAE	GLID
D8B4	D-KXAI	GLID
D8BF	D-KXAT	GLID
D8C8	D-KXBC	GLIM
D8EC	D-KXCM	GLIM
D8F9	D-KXCZ	GLIM
D900	D-KXDG	GLIM
D911	D-KXDX	GLIM
D915	D-KXEB	GLIM
D91F	D-KXEL	GLIM
D92B	D-KXEX	GLIM
D933	D-KXFF	GLID
D939	D-KXFL	GLID
D941	D-KXFT	GLID
D94B	D-KXGD	GLID
D95B	D-KXGT	GLID
D95F	D-KXGX	GLIM
D962	D-KXHA	GLID
D963	D-KXHB	GLIM
D978	D-KXHW	GLIM
D984	D-KXII	GLIM
D986	D-KXIK	GLIM
D9D5	D-KXLL	GLIM
D9EA	D-KXMG	GLID
D9F2	D-KXMO	GLIM
DA0A	D-KXNM	GLIM
DA1B	D-KXOD	GLID
DA2D	D-KXOV	GLIM
DA3C	D-KXPK	GLIM
DA44	D-KXPS	GLIM
DA45	D-KXPT	GLIM
DA73	D-KXRN	GLID
DA88	D-KXSI	GLIM
DA9C	D-KXTC	GLID
DAA1	D-KXTH	GLID
DAA8	D-KXTO	GLID
DAB0	D-KXTW	GLIM
DAFB	D-KXWT	GLID
DAFE	D-KXWW	GLIM
DB02	D-KXXA	GLIM
DB04	D-KXXC	GLIM
DB0C	D-KXXK	GLIM
DB0E	D-KXXM	GLIM
DB19	D-KXXX	GLIM
DB35	D-KXYZ	GLIM
DB37	D-KXZB	GLID
DB50	D-KYAA	GLIM
DB51	D-KYAB	GLID
DB5A	D-KYAK	GLID
DB62	D-KYAS	GLIM
DB6A	D-KYBA	GLID
DB75	D-KYBL	SF25
DB82	D-KYBY	GLIM
DB85	D-KYCB	GLIM
DB8E	D-KYCK	SF25
DBAA	D-KYDM	GLIM
DBB0	D-KYDS	GLIM
DBB5	D-KYDX	GLIM
DBB9	D-KYEB	GLIM
DBCF	D-KYEX	GLID
DBF4	D-KYGI	SF25
DBF7	D-KYGL	SF25
DC0B	D-KYHF	GLIM
DC11	D-KYHL	SF25
DC13	D-KYHN	SF25
DC2C	D-KYIM	GLIM
DC6E	D-KYLA	GLIM
DC76	D-KYLI	GLIM
DC7C	D-KYLO	GLIM
DC94	D-KYMM	GLID
DCA8	D-KYNG	SF25
DCB5	D-KYNT	SF25
DCD4	D-KYOY	GLIM
DCDE	D-KYPI	GLIM
DCE5	D-KYPP	DIMO
DD13	D-KYRJ	GLIM
DD2C	D-KYSI	DIMO
DD36	D-KYSS	AV68
DD45	D-KYTH	GLIM
DDA2	D-KYWW	GLID
DDC0	D-KYYA	GLIM
DDD7	D-KYYX	GLID
DDD8	D-KYYY	DIMO
DDF5	D-KZAB	GLID
DE05	D-KZAR	GLID
DE19	D-KZBL	JS3
DE26	D-KZBY	GLID
DE41	D-KZCZ	GLIM
DE68	D-KZEM	DIMO
DEBC	D-KZHS	GLID
DEC0	D-KZHW	GLIM
DECA	D-KZIG	GLIM
DF1A	D-KZLI	GLID
DF3D	D-KZMR	GLID
DF61	D-KZOB	GLIM
DF89	D-KZPP	GLID
DFEE	D-KZTM	GLID
E044	D-KZWU	GLIM
E09A	D-0003	GLID
E09B	D-3223	GLID
E0A9	D-0018	GLIM
E0B3	D-0028	GLID
E0BC	D-0037	GLID
E0C4	D-0045	GLID
E0C6	D-0047	GLID
E102	D-0107	GLID
E104	D-0109	GLID
E10B	D-0116	GLID
E123	D-0140	GLID
E12F	D-0152	GLID
E130	D-0153	GLID
E14E	D-0183	GLID
E171	D-0218	GLID
E184	D-0237	GLID
E196	D-0255	GLID
E198	D-0257	GLID
E1B0	D-0281	GLID
E1B1	D-0282	GLID
E1B6	D-0287	GLID
E1BA	D-0291	GLID
E1D9	D-0322	GLID
E1DD	D-0326	GLIM
E1FA	D-0355	GLID
E1FC	D-0357	GLID
E1FD	D-0358	GLID
E214	D-0381	GLID
E224	D-0397	GLID
E227	D-0400	GLID
E22C	D-0405	GLID
E248	D-0433	GLID
E265	D-0462	GLID
E27C	D-0485	GLIM
E28B	D-0500	GLID
E29C	D-0517	GLID
E29F	D-0520	GLID
E2A3	D-0524	GLID
E2A5	D-0526	GLID
E2B7	D-0544	GLID
E2C2	D-0555	GLID
E2CE	D-0567	GLID
E2D4	D-0573	GLID
E2F1	D-0602	GLID
E2F2	D-0603	GLID
E2FE	D-0615	GLID
E304	D-0621	GLID
E306	D-0623	GLID
E30B	D-0628	GLID
E30F	D-0632	GLID
E327	D-0656	GLID
E32C	D-0661	GLID
E340	D-0681	GLID
E347	D-0688	GLIM
E34B	D-0692	GLID
E34F	D-0696	GLID
E359	D-0706	GLID
E35C	D-0709	GLID
E36C	D-0725	GLID
E37C	D-0741	GLID
E382	D-0747	GLID
E385	D-0750	GLID
E386	D-0751	GLID
E391	D-0762	GLID
E396	D-0767	GLIM
E3A8	D-0785	GLIM
E3C0	D-0809	GLID
E3C7	D-0816	GLID
E3D7	D-0832	GLID
E3F2	D-0859	GLID
E3FA	D-0867	GLID
E404	D-0877	GLID
E405	D-0878	GLID
E406	D-0879	GLID
E40C	D-0885	GLID
E418	D-0897	GLID
E428	D-0913	GLID
E436	D-0927	GLID
E43A	D-0931	GLID
E43F	D-0936	GLIM
E45C	D-0965	GLID
E47B	D-0996	GLID
E482	D-1003	GLID
E489	D-1010	GLID
E48F	D-1016	GLID
E494	D-1021	GLID
E49A	D-1027	GLIM
E4B4	D-1053	GLID
E4D2	D-1083	GLID
E4D5	D-1086	GLID
E4DA	D-1091	GLID
E4DF	D-1096	GLID
E4E3	D-1100	GLID
E4F3	D-1116	GLID
E4F9	D-1122	GLID
E4FA	D-1123	GLID
E508	D-1137	GLID
E50B	D-1140	GLID
E512	D-1147	GLIM
E51A	D-1155	GLID
E51E	D-1159	GLIM
E532	D-1179	GLID
E53D	D-1190	GLID
E552	D-1211	GLID
E558	D-1217	GLID
E567	D-1232	GLID
E576	D-1247	GLID
E585	D-1262	GLID
E587	D-1264	GLID
E58A	D-1267	GLID
E5B5	D-1310	GLIM
E5BF	D-1320	GLID
E5D2	D-1339	GLID
E5EC	D-1365	GLID
E5FC	D-1381	GLID
E602	D-1387	GLID
E607	D-1392	GLID
E60E	D-1399	GLID
E60F	D-1400	GLID
E611	D-1402	GLID
E63B	D-1444	GLID
E640	D-1449	GLID
E654	D-1469	GLID
E660	D-1481	GLID
E66D	D-1494	GLID
E678	D-1505	GLID
E68B	D-1524	GLID
E690	D-1529	GLID
E69B	D-1540	GLID
E6A0	D-1545	GLID
E6AF	D-1560	GLID
E6D0	D-1593	GLID
E6DA	D-1603	GLID
E707	D-1648	GLID
E708	D-1649	GLID
E710	D-1657	GLID
E725	D-1678	GLID
E729	D-1682	GLIM
E72F	D-1688	GLID
E739	D-1698	GLID
E749	D-1714	GLID
E779	D-1762	GLID
E786	D-1775	GLIM
E78D	D-1782	GLID
E794	D-1789	GLID
E7BE	D-1831	GLIM
E7E6	D-1871	GLID
E7ED	D-1878	GLID
E7FB	D-1892	GLID
E7FF	D-1896	GLID
E802	D-1899	GLID
E80A	D-1907	GLID
E816	D-1919	GLID
E819	D-1922	GLID
E81E	D-1927	GLIM
E828	D-1937	GLID
E82F	D-1944	GLID
E830	D-1945	GLID
E837	D-1952	GLID
E844	D-2187	GLID
E85E	D-1991	GLID
E85F	D-1992	GLID
E867	D-2000	GLIM
E872	D-2011	GLID
E879	D-2018	GLID
E87A	D-2019	GLID
E889	D-2034	GLID
E8B3	D-2076	GLID
E8B7	D-2080	GLID
E8B9	D-2082	GLID
E8CD	D-2102	GLID
E8D7	D-2112	GLID
E8D8	D-2113	GLID
E8DC	D-2117	GLID
E8E0	D-2121	GLID
E8E3	D-2124	GLID
E8E8	D-2129	GLID
E8E9	D-2130	GLID
E8EE	D-2135	GLID
E8F2	D-2139	GLID
E8F7	D-2144	GLID
E8FC	D-2149	GLID
E903	D-2156	GLIM
E908	D-2161	GLID
E911	D-2170	GLID
E91B	D-2180	GLID
E928	D-2193	GLID
E92D	D-2198	GLID
E944	D-2221	GLID
E961	D-2250	GLID
E978	D-2273	GLID
E998	D-2305	GLID
E9A5	D-2318	GLID
E9AC	D-2325	GLIM
E9BB	D-2340	GLID
E9C0	D-2345	GLID
E9C9	D-2354	GLID
E9D8	D-2369	GLID
E9DE	D-2375	GLID
E9F9	D-2402	GLID
E9FE	D-2407	GLID
EA01	D-2410	GLIM
EA38	D-2465	GLID
EA3A	D-2467	GLID
EA3D	D-2470	GLID
EA48	D-2481	GLID
EA4E	D-2487	GLID
EA59	D-2498	GLID
EA68	D-2513	GLID
EA69	D-2514	GLID
EA6E	D-2519	GLID
EA86	D-2543	GLID
EA9B	D-2564	GLID
EA9F	D-2568	GLID
EAA6	D-2575	GLIM
EAAA	D-2579	GLID
EAAC	D-2581	GLID
EAD2	D-2619	GLID
EADD	D-2630	GLIM
EAE0	D-2633	GLID
EAE3	D-2636	GLID
EAE9	D-2642	GLID
EAF1	D-2650	GLID
EAFB	D-2660	GLIM
EB02	D-2667	GLID
EB09	D-2674	GLID
EB0D	D-2678	GLID
EB10	D-2681	GLIM
EB13	D-2684	GLIM
EB17	D-2688	GLID
EB19	D-2690	GLIM
EB26	D-2703	GLID
EB32	D-2715	GLID
EB37	D-2720	GLID
EB3E	D-2727	GLID
EB45	D-2734	GLID
EB4E	D-2743	GLID
EB57	D-2752	GLID
EB5B	D-2756	GLID
EB64	D-2765	GLID
EB6F	D-2776	GLID
EB7C	D-2789	GLIM
EB7E	D-2791	GLID
EB95	D-2815	GLID
EB98	D-2817	GLID
EB99	D-2818	GLID
EB9D	D-2822	GLID
EB9F	D-2824	GLID
EBA0	D-2825	GLID
EBAD	D-2838	GLID
EBB3	D-2844	GLID
EBB7	D-2848	GLID
EBDF	D-2888	GLIM
EBE3	D-2892	GLID
EBF3	D-2908	GLID
EBF5	D-2910	GLID
EBF7	D-2912	GLID
EBFA	D-2915	GLID
EC16	D-2943	GLID
EC2A	D-2963	GLID
EC2B	D-2964	GLID
EC3A	D-2979	GLID
EC3D	D-2982	GLID
EC46	D-2991	GLID
EC48	D-2993	GLID
EC51	D-3002	GLID
EC53	D-3004	GLIM
EC58	D-3009	GLIM
EC5D	D-3014	GLID
EC79	D-3042	GLID
EC7F	D-3048	GLID
EC80	D-3049	GLID
EC96	D-3071	GLID
EC99	D-3074	GLID
ECA0	D-3081	GLID
ECB4	D-3101	GLID
ECCB	D-3124	GLID
ECCE	D-3127	GLID
ECD8	D-3137	GLID
ECDB	D-3140	GLID
ECE1	D-3146	GLID
ECE5	D-3150	GLID
ECE9	D-3154	GLID
ECFE	D-3175	GLID
ED02	D-3179	GLID
ED35	D-3230	GLID
ED36	D-3231	GLID
ED40	D-3241	GLID
ED50	D-3257	GLID
ED55	D-3262	GLID
ED5A	D-3267	GLID
ED5B	D-3268	GLID
ED8A	D-3315	GLID
ED90	D-3321	GLID
ED9A	D-3331	GLIM
ED9F	D-3336	GLID
EDB6	D-3359	GLID
EDB8	D-3361	GLID
EDC4	D-3373	GLIM
EDC5	D-3374	GLID
EDD1	D-3386	GLID
EDD5	D-3390	GLID
EDD9	D-3394	GLID
EDDC	D-3397	GLID
EDF0	D-3417	GLID
EE08	D-3441	GLID
EE09	D-3442	GLID
EE0D	D-3446	GLID
EE1A	D-3459	GLID
EE29	D-3474	GLID
EE35	D-3486	GLID
EE54	D-3517	GLID
EE60	D-3529	GLIM
EE72	D-3547	GLID
EE76	D-3551	GLIM
EE7E	D-3559	GLID
EE8A	D-3571	GLID
EE93	D-3580	GLID
EEA9	D-3602	GLID
EEAC	D-3605	GLID
EEB1	D-3610	GLIM
EEB4	D-3613	GLID
EEC8	D-3633	GLID
EEF9	D-3682	GLID
EF13	D-3708	GLID
EF23	D-3724	GLID
EF2C	D-3733	GLID
EF2F	D-3736	GLID
EF40	D-3753	GLID
EF41	D-3754	GLID
EF43	D-3756	GLID
EF46	D-3759	GLID
EF51	D-3770	GLIM
EF53	D-3772	GLIM
EFAC	D-3861	GLID
EFC1	D-3882	GLID
EFD5	D-3902	GLID
EFD6	D-3903	GLID
EFDE	D-3911	GLID
EFEB	D-3924	GLID
EFEE	D-3927	GLID
EFF0	D-3929	GLID
EFF6	D-3935	GLID
F004	D-3949	GLID
F00F	D-3960	GLID
F010	D-3961	GLID
F01E	D-3975	GLID
F02A	D-3987	GLID
F035	D-3998	GLID
F039	D-4002	GLIM
F03D	D-4006	GLID
F04A	D-4019	GLID
F053	D-4028	GLID
F073	D-4060	GLID
F077	D-4064	GLID
F082	D-4075	GLID
F08D	D-4086	GLID
F0A3	D-4108	GLIM
F0A5	D-4110	GLID
F0A9	D-4114	GLIM
F0AA	D-4115	GLIM
F0C7	D-4144	GLID
F0CF	D-4152	GLID
F0D7	D-4160	GLIM
F0F7	D-4192	GLID
F0FE	D-4199	GLIM
F126	D-4239	GLIM
F147	D-4272	GLID
F158	D-4289	GLID
F182	D-4331	GLID
F18C	D-4341	GLID
F192	D-4347	GLID
F19D	D-4358	GLID
F1A2	D-4363	GLID
F1A6	D-4367	GLID
F1AD	D-4374	GLID
F1B3	D-4380	GLID
F1CC	D-4405	GLID
F1E5	D-4430	GLID
F1EC	D-4437	GLIM
F1EF	D-4440	GLID
F1FC	D-4453	GLID
F232	D-4507	GLID
F247	D-4528	GLID
F248	D-4529	GLID
F25A	D-4547	GLID
F25B	D-4548	GLID
F27D	D-4582	GLID
F29E	D-4615	GLID
F2B8	D-4641	GLID
F2BC	D-4645	GLID
F2BE	D-4647	GLIM
F2C2	D-4651	GLIM
F2CB	D-4660	GLID
F2D5	D-4670	GLID
F2E9	D-4690	GLID
F2F6	D-4703	GLID
F30E	D-4727	GLID
F31F	D-4744	GLID
F323	D-4748	GLID
F338	D-4769	GLID
F345	D-4782	GLIM
F348	D-4785	GLID
F36A	D-4819	GLID
F36F	D-4824	GLID
F37C	D-4837	GLID
F383	D-4847	GLID
F38C	D-4853	GLID
F393	D-4860	GLID
F39D	D-4870	GLID
F39F	D-4872	GLID
F3B3	D-4892	GLID
F3CA	D-4915	GLID
F3D0	D-4921	GLIM
F3DB	D-4932	GLID
F401	D-4970	GLID
F408	D-4977	GLID
F41A	D-4995	GLIM
F41B	D-4996	GLID
F423	D-5004	GLID
F42D	D-5014	GLIM
F430	D-5017	GLID
F43C	D-5029	GLID
F445	D-5038	GLID
F44F	D-5048	GLID
F462	D-5067	GLID
F474	D-5085	GLID
F479	D-5090	GLID
F491	D-5114	GLID
F49C	D-5125	GLID
F4A4	D-5133	GLID
F4A9	D-5138	GLID
F4B5	D-5150	GLID
F4B9	D-5154	GLID
F4CC	D-5173	GLID
F4E5	D-5198	GLID
F4FD	D-5222	GLID
F4FE	D-5223	GLID
F502	D-5227	GLID
F506	D-5231	GLIM
F510	D-5241	GLID
F528	D-5265	GLID
F52D	D-5270	GLIM
F537	D-5280	GLID
F546	D-5295	GLID
F54A	D-5299	GLIM
F551	D-5306	GLIM
F55B	D-5316	GLID
F55D	D-5318	GLID
F564	D-5325	GLID
F569	D-5330	GLIM
F57D	D-5350	GLID
F5A5	D-5390	GLID
F5AF	D-5400	GLID
F5B2	D-5403	GLID
F5B6	D-5407	GLID
F5B7	D-5408	GLID
F5D0	D-5433	GLID
F5D6	D-5439	GLID
F5DE	D-5447	GLID
F5EE	D-5463	GLID
F606	D-5487	GLID
F617	D-5504	GLID
F61D	D-5510	GLID
F627	D-5520	GLID
F641	D-5546	GLID
F64A	D-5555	GLID
F64C	D-5557	GLID
F658	D-5569	GLIM
F668	D-5585	GLID
F66A	D-5587	GLID
F67F	D-5608	GLID
F692	D-5627	GLID
F696	D-5631	GLID
F6AC	D-5653	GLID
F6C5	D-5678	GLID
F6DD	D-5702	GLIM
F6E1	D-5706	GLID
F6F2	D-5723	GLID
F6F8	D-5729	GLID
F70A	D-5747	GLID
F71E	D-5767	GLID
F725	D-5774	GLID
F735	D-5790	GLID
F73A	D-5795	GLID
F746	D-5807	GLID
F74E	D-5815	GLID
F752	D-5819	GLID
F759	D-5826	GLID
F75A	D-5827	GLID
F761	D-5834	GLID
F76E	D-5847	GLID
F76F	D-3183	GLID
F77F	D-5864	GLID
F784	D-5869	GLID
F795	D-5886	GLID
F79C	D-5893	GLID
F7AB	D-5908	GLIM
F7AC	D-5909	GLIM
F7AD	D-5910	GLID
F7AE	D-5911	GLID
F7BA	D-5923	GLID
F7C1	D-5930	GLID
F7C2	D-5931	GLID
F7DF	D-5960	GLID
F7E5	D-5966	GLID
F7EE	D-5975	GLID
F809	D-6002	GLID
F81B	D-6020	GLID
F841	D-6058	GLID
F854	D-6077	GLIM
F85C	D-6085	GLID
F86C	D-6101	GLID
F86F	D-6104	GLID
F88A	D-6131	GLIM
F88B	D-6132	GLIM
F891	D-6138	GLID
F8A2	D-6155	GLID
F8A4	D-6157	GLID
F8AE	D-6167	GLID
F8B1	D-6170	GLIM
F8B3	D-6172	GLID
F8BC	D-6181	GLID
F8C7	D-6192	GLID
F8EC	D-6229	GLID
F8F4	D-6237	GLID
F926	D-6287	GLID
F92D	D-6294	GLID
F932	D-6299	GLID
F943	D-6316	GLID
F94E	D-6327	GLID
F94F	D-6328	GLID
F950	D-6329	GLID
F95E	D-6343	GLID
F97A	D-6371	GLID
F987	D-6384	GLID
F994	D-6397	GLID
F9CF	D-6456	GLID
F9D0	D-6457	GLID
F9D5	D-6462	GLID
F9DE	D-6471	GLID
F9E8	D-6481	GLID
FA02	D-6507	GLID
FA13	D-6524	GLID
FA1C	D-6533	GLID
FA26	D-6543	GLID
FA29	D-6546	GLID
FA33	D-6556	GLID
FA3D	D-6566	GLID
FA48	D-6577	GLID
FA4D	D-6582	GLID
FA6B	D-6612	GLIM
FA76	D-6623	GLIM
FA77	D-6624	GLID
FA92	D-6651	GLID
FA95	D-6654	GLID
FA9D	D-6662	GLID
FAA1	D-6666	GLID
FAAF	D-6680	GLID
FAB3	D-6684	GLID
FAB4	D-6685	GLID
FAC0	D-6697	GLIM
FAC2	D-6699	GLID
FAC7	D-6704	GLIM
FACD	D-6710	GLID
FAD7	D-6720	GLID
FAD8	D-6721	GLID
FAE2	D-6731	GLID
FAF8	D-6753	GLID
FAFA	D-6755	GLIM
FB09	D-6770	GLID
FB0D	D-6774	GLID
FB16	D-6783	GLID
FB25	D-6798	GLID
FB29	D-6803	GLID
FB2A	D-6802	GLID
FB32	D-6811	GLIM
FB35	D-6814	GLID
FB41	D-6826	GLID
FB45	D-6830	GLID
FB4B	D-6836	GLID
FB6C	D-6869	GLID
FB7C	D-6885	GLID
FB80	D-6889	GLIM
FB88	D-6897	GLID
FB89	D-6898	GLID
FB92	D-6907	GLID
FBA4	D-6925	GLID
FBA7	D-6928	GLID
FBB3	D-6940	GLIM
FBBA	D-6947	GLIM
FBC7	D-6960	GLID
FBC9	D-6962	GLID
FBCA	D-6963	GLID
FBD2	D-6971	GLIM
FBEC	D-6997	GLID
FBFA	D-7011	GLID
FC05	D-7022	GLID
FC08	D-7025	GLID
FC09	D-7026	GLID
FC17	D-7040	GLID
FC1B	D-7044	GLID
FC1D	D-7046	GLID
FC20	D-7049	GLID
FC24	D-7053	GLID
FC3B	D-7076	GLIM
FC42	D-7083	GLIM
FC4A	D-7091	GLID
FC51	D-7098	GLID
FC60	D-7113	GLID
FC61	D-7114	GLID
FC64	D-7117	GLID
FC67	D-7120	GLID
FC74	D-7133	GLIM
FC7D	D-7142	GLID
FC87	D-7152	GLID
FC93	D-7164	GLIM
FC9B	D-7172	GLID
FC9D	D-7174	GLID
FCA0	D-7177	GLID
FCAE	D-7191	GLID
FCB2	D-7195	GLID
FCE5	D-7246	GLID
FD21	D-7306	GLID
FD3C	D-7333	GLID
FD5D	D-7366	GLID
FD69	D-7378	GLID
FD84	D-7405	GLID
FD87	D-7408	GLIM
FDA3	D-7436	GLID
FDC1	D-7466	GLID
FDC3	D-7468	GLID
FDC6	D-7471	GLID
FDC9	D-7474	GLIM
FDD7	D-7488	GLID
FDD8	D-7489	GLID
FDE6	D-7503	GLID
FDF7	D-7520	GLID
FDFE	D-7527	GLID
FE1A	D-7555	GLID
FE2E	D-7575	GLID
FE3F	D-7592	GLID
FE44	D-7597	GLID
FE59	D-7618	GLID
FE77	D-7648	GLID
FE7D	D-7654	GLID
FE7E	D-7655	GLID
FE8F	D-7672	GLID
FE90	D-7673	GLID
FE91	D-7674	GLID
FE96	D-7679	GLID
FEB4	D-7709	GLID
FEBC	D-7717	GLID
FEBD	D-7718	GLID
FEBF	D-7720	GLIM
FEC1	D-7722	GLID
FEC8	D-7729	GLID
FECD	D-7734	GLID
FED5	D-7742	GLID
FED7	D-7744	GLID
FEF8	D-7777	GLID
FF0C	D-7797	GLID
FF24	D-7821	GLID
FF4C	D-7861	GLID
FF51	D-7866	GLID
FF55	D-7870	GLID
FF58	D-7873	GLID
FF60	D-7881	GLID
FF62	D-7883	GLID
FF7C	D-7909	GLID
FF81	D-7914	GLID
FF8E	D-7927	GLIM
FF8F	D-7928	GLID
FF96	D-7935	GLID
FF9B	D-7940	GLID
FFA8	D-7953	GLID
FFBF	D-7976	GLID
FFDA	D-8003	GLIM
FFDD	D-8006	GLID
FFF0	D-8025	GLID
FFF3	D-8028	GLID
FFF5	D-8030	GLID
FFFC	D-8037	GLIM
