00C3	LX-LGS	B737
00C6	LX-LGE	DH8D
00C9	LX-LGF	DH8D
00CA	LX-LGG	DH8D
00CB	LX-LGH	DH8D
00D0	LX-LGM	DH8D
00D4	LX-LGN	DH8D
00D5	LX-LQA	DH8D
00D6	LX-LQB	DH8D
00D7	LX-LQC	DH8D
00D8	LX-LQD	DH8D
00D9	LX-LQI	DH8D
00DA	LX-LQJ	DH8D
00DB	LX-LEA	E295
00DC	LX-LEB	E295
00DD	LX-LEC	E295
00DE	LX-LED	E295
00E8	LX-LBC	B38M
00E9	LX-LBD	B38M
00ED	LX-LBK	B38M
00EE	LX-LBL	B38M
00F1	LX-LBR	B737
00F2	LX-LBT	B737
00F3	LX-LBB	B738
00F4	LX-LBA	B738
00F5	LX-LGV	B738
00F6	LX-LGU	B738
0101	LX-VCB	B748
0102	LX-VCC	B748
0103	LX-VCA	B748
0104	LX-VCD	B748
0105	LX-VCE	B748
0106	LX-VCF	B748
0107	LX-VCG	B748
0109	LX-TCV	B744
010A	LX-UCV	B744
010B	LX-VCV	B744
010C	LX-WCV	B744
010D	LX-YCV	B744
010F	LX-DCV	B744
0110	LX-RCV	B744
0111	LX-VCH	B748
0112	LX-VCI	B748
0113	LX-VCJ	B748
0114	LX-VCK	B748
0115	LX-ECV	B744
0116	LX-VCL	B748
0117	LX-VCM	B748
0118	LX-VCN	B748
0119	LX-JCV	B744
0121	LX-AFA	AT8T
0122	LX-AFB	AT8T
0123	LX-AFC	AT8T
0124	LX-AFE	AT8T
0128	LX-SCV	B744
012A	LX-AFJ	AT8T
012B	LX-GCL	B744
012C	LX-ICL	B744
012D	LX-KCL	B744
012E	LX-LCL	B744
012F	LX-MCL	B744
0131	LX-NCL	B744
0140	LX-OCV	B744
0201	LX-DPR	F900
0202	LX-FFL	F900
0203	LX-FDA	FA7X
0204	LX-MOW	GLF6
0205	LX-SYN	FA6X
0206	LX-PHS	GLF5
0207	LX-RAY	GLF6
0208	LX-SCO	F2TH
020B	LX-VIP	FA8X
020C	LX-ZIO	GLEX
020E	LX-ABC	GLEX
0210	LX-GJM	C25C	A
0211	LX-JLK	GLF6
0212	LX-ICE	GLF6
0213	LX-DIO	B739
0214	LX-LTI	A318
0215	LX-VAM	FA7X
0216	LX-POH	FA7X
0218	LX-MIC	F2TH
021A	LX-IXI	GLEX
021B	LX-HLP	EC45
021D	LX-ZED	CL60
021E	LX-AAA	E545
0220	LX-NST	GLEX
0221	LX-EVM	F2TH
0222	LX-TTS	GA6C
0223	LX-EPE	F2TH
0224	LX-ZXP	FA7X
0225	LX-ARY	GL7T
0226	LX-MBE	F2TH
0227	LX-GJM	CL35	A
0228	LX-LUX	GLEX
0229	LX-LFX	B737
022A	LX-AVI	E550
022D	LX-SIX	E550
022E	LX-JET	GL7T
022F	LX-LIZ	A319
0230	LX-NYX	A19N
0231	LX-JNE	GLF5
0232	LX-EGR	F2TH
0233	LX-LXL	FA8X
0235	LX-ESO	GLF6
0237	LX-UTP	GL7T
0238	LX-EOS	F900
0239	LX-IAM	FA7X
023B	LX-MCO	A319
023C	LX-PDB	FA7X
023D	LX-EBO	FA8X
0240	LX-DAC	PC24
0241	LX-DAA	PC24
0242	LX-JVC	PC24
0243	LX-LMS	FA7X
0247	LX-EMO	F900
0249	LX-AIN	C25A
024A	LX-FBC	PC24
024C	LX-FPF	C25B
024E	LX-FYG	C25B
0257	LX-NJC	GA5C
0261	LX-VGF	PC24
0262	LX-AND	PC24
0263	LX-FMA	F900
0264	LX-KHH	PC24
0265	LX-REK	PC24
026C	LX-HBL	G2CA
026D	LX-HNK	B505
026E	LX-HLY	EC30
0270	LX-HDP	EC55
0272	LX-HGG	H160
0280	LX-FLL	PC12
0281	LX-FLM	PC12
0282	LX-INB	F900
0283	LX-PCK	PC24
0284	LX-HRU	AS65
0285	LX-TWO	LJ45	A
0286	LX-HSL	EC45
0287	LX-HMD	EXPL
0288	LX-HPG	EXPL
0289	LX-HMS	EXPL
028A	LX-HRC	EXPL
028B	LX-TWO	LJ35	A
028C	LX-HHO	EC45
028D	LX-AMB	CL60
028F	LX-RHC	CL60
0290	LX-RSQ	LJ45
0291	LX-HSR	EXPL
0292	LX-HAR	EXPL
0293	LX-EAA	LJ45
0296	LX-HMC	EC45
0297	LX-MCE	GLF5
0299	LX-JNC	GLEX
029C	LX-GBH	FA8X
029D	LX-RIM	PC24
029E	LX-JPA	PC12
029F	LX-SFA	SF50
02A0	LX-TRO	E35L
02A1	LX-ZAP	PC24
02A2	LX-VMF	C56X
02A4	LX-JFZ	PC12
02A5	LX-FLH	PC12
02A6	LX-WFM	FA7X
02AA	LX-JFV	PC12
02AB	LX-FLN	PC12
02AE	LX-JFS	PC12
02AF	LX-JFU	PC12
02B0	LX-JFB	PC12
02B1	LX-JFC	PC12
02B2	LX-JFH	PC12
02B3	LX-LAB	PC12
02B6	LX-PCH	PC24
02B7	LX-FLK	PC12
02B8	LX-LMD	PC24
02B9	LX-VDS	SF50
02BA	LX-ROI	PC24
02BC	LX-FLS	PC12
02BD	LX-JFD	PC12
02BE	LX-JFE	PC12
02BF	LX-FLR	PC12
02C0	LX-GCA	C25B
02C1	LX-PCA	PC24
02C2	LX-PCB	PC24
02C3	LX-JFF	PC12
02C4	LX-PCC	PC24
02C6	LX-PCD	PC24
02C7	LX-PCF	PC24
02C8	LX-LEM	C10T
02C9	LX-PNR	PNR4
02CA	LX-ECO	PNR4
02CD	LX-JFA	PC12
02D2	LX-MIK	L39
02D5	LX-LCO	C10T
02D6	LX-EBV	GLST
02D7	LX-DCC	PC24
02D8	LX-RUM	PC12
02D9	LX-PCI	PC24
02DA	LX-PCE	PC24
02DC	LX-FLI	PC12
02DD	LX-FLJ	PC12
02DE	LX-FLG	PC12
02DF	LX-PCL	PC24
02E0	LX-PCG	PC24
02E1	LX-PCM	PC24
02E2	LX-PAK	GLEX
02E3	LX-FLQ	PC12
02E4	LX-JOB	BX2
02E5	LX-JPB	PC12
02E8	LX-SFB	SF50
02E9	LX-PCJ	PC24
02EC	LX-FLP	PC12
02EE	LX-PCN	PC24
02F2	LX-WWW	SR22
02F3	LX-FDI	PC12
02F5	LX-SKY	PC12
02F6	LX-STN	L39
02FC	LX-LLL	PC12
02FD	LX-VAD	PC12
02FE	LX-MBA	E500
0300	LX-AVA	P28A
0301	LX-AVG	P28B
0302	LX-AVS	P32R
0303	LX-LTA	TWEN
0305	LX-AVO	P28A
0306	LX-AIX	C182
0307	LX-AIT	C82R
0308	LX-AIY	SR20
0309	LX-AIZ	C172
030A	LX-AIB	P28A
030B	LX-AIC	C172
030C	LX-AID	C172
030D	LX-AIF	P28A
030E	LX-AIG	P28A
030F	LX-AIW	P28A
0310	LX-AIE	C172
0311	LX-AIO	C172
0315	LX-UCL	GLIM
0317	LX-CPB	GLID
0318	LX-CMN	GLID
0321	LX-AVD	DA40
033C	LX-RCD	DR40
033D	LX-RCE	DR40
033E	LX-MDT	GA8
0340	LX-RED	AEST
0341	LX-CCF	GLIM
0342	LX-AHZ	C210
0344	LX-JCO	M20P
0345	LX-DIN	LEG2
0347	LX-IOI	LNP4
0348	LX-TOY	PTS1
034B	LX-LCT	M20T
034C	LX-ART	M20T
0350	LX-AIR	P28B
0351	LX-ATT	P28A
0352	LX-RAS	TB21
0353	LX-SRD	SR22
0356	LX-ZEN	SR22
0359	LX-FLO	P28A
035A	LX-JTB	AC11
035E	LX-GOD	P28R
0360	LX-CWT	EUPA
0366	LX-MAX	BL8
036D	LX-AIM	PA44
036E	LX-FDC	SR22
0373	LX-CMM	GLID
0375	LX-PHI	DR40
0376	LX-SUV	PNR4
0378	LX-RAF	PNR4
037A	LX-ARA	AA5
037B	LX-LOL	BE36
037C	LX-IRR	DA42
03C0	LX-N90442	E3TF
03C1	LX-N90443	E3TF
03C2	LX-N90444	E3TF
03C3	LX-N90445	E3TF
03C4	LX-N90446	E3TF
03C5	LX-N90447	E3TF
03C6	LX-N90448	E3TF
03C8	LX-N90450	E3TF
03C9	LX-N90451	E3TF
03CA	LX-N90452	E3TF
03CB	LX-N90453	E3TF
03CC	LX-N90454	E3TF
03CD	LX-N90455	E3TF
03CE	LX-N90456	E3TF
03D0	LX-N90459	E3TF
03F0	LX-FAA	EC45
03F1	LX-FAB	EC45
2003	9H-SAS	B738
2004	9H-94FX	GLEX
2005	9H-99FX	GLEX
2006	9H-EUP	A320
2007	9H-WNK	A21N
200A	9H-BOD	C25A
200B	9H-MDQ	DA42
200C	9H-WNL	A21N
200D	9H-WNM	A21N
200E	9H-WNN	A21N
200F	9H-WNO	A21N
2010	9H-GRM	C56X
2011	9H-AZH	B772
2012	9H-AZG	B772
2013	9H-EUO	A320
2014	9H-EUM	A320
2015	9H-DGI	DA62
2016	9H-EHC	PC12
2017	9H-GVBJ	GLEX
2018	9H-DINA	FA6X
201A	9H-GAE	B738
201C	9H-VFQ	CL60
201D	9H-AEG	A319
201E	9H-AEH	A319
201F	9H-WNR	A21N
2020	9H-AEJ	A319
2021	9H-WNT	A21N
2022	9H-WNU	A21N
2023	9H-AEM	A319
2024	9H-MMW	DH8D
2025	9H-AEO	A320
2026	9H-AEP	A320
2027	9H-AEQ	A320
2028	9H-VSLK	FA7X
2029	9H-MATI	DH8D
202A	9H-AJU	CRJX
202B	9H-FOR	B734
202C	9H-AJT	CRJX
202D	9H-MAYA	DH8D
202E	9H-AEW	DH8A
202F	9H-VEGA	GLEX
2030	9H-SLL	A321
2031	9H-AFC	CL60
2032	9H-AFD	DH8C
2033	9H-MDS	C172
2035	9H-AFJ	LJ60
2036	9H-AFI	B190
2037	9H-AFH	B190
2038	9H-NEG	A20N
2039	9H-EINE	GL7T
203A	9H-HFL	A332
203B	9H-ISM	B738
203C	9H-AFQ	CL60
203D	9H-AFR	GL5T
203E	9H-AJZ	CRJX
203F	9H-MRT	CL35
2040	9H-VFR	CL60
2041	9H-VFS	CL60
2042	9H-MDG	B738
2043	9H-TIA	B734
2045	9H-AIU	AT75
2047	9H-WFF	B744
2048	9H-DKK	C501
2049	9H-WNV	A21N
204A	9H-WNW	A21N
204B	9H-WNX	A21N
204D	9H-MIM	DH8D
204E	9H-CARLO	PC24
2050	9H-BBJ	B737
2051	9H-JJC	CL60
2052	9H-TBN	A319
2054	9H-AKB	DH8D
2055	9H-MDT	C172
2056	9H-FLM	B744
2059	9H-GLX	FA7X
205B	9H-BCP	LJ45
205C	9H-JHK	FA7X
205D	9H-AKT	E195
205E	9H-PPL	SIRA
205F	9H-ZAR	H269
2060	9H-BFE	GA5C
2062	9H-01AJA	BCS1
2063	9H-RDG	P180
2064	9H-SNT	P28T
2065	9H-VJA	GLEX
2066	9H-OPE	GLEX
2067	9H-WNY	A21N
2068	9H-WNZ	A21N
2069	9H-PAT	P06T
206A	AS1227	BE20
206B	9H-WMA	A21N
206C	9H-WMB	A21N
206D	9H-AMF	GLEX
206E	9H-ALC	A332
206F	9H-FLY	P28A
2070	9H-MAX	GL7T
2072	9H-LLL	A19N
2073	9H-NATHO	GLF6
2074	9H-SLP	A320
2076	9H-EDO	EFOX
2078	9H-AKK	B744
2079	9H-MONE	GL5T
207A	9H-MMU	AT76
207B	9H-RFD	AT76
207C	9H-QFK	B738
207D	9H-QFJ	B738
207E	9H-VJC	GLEX
207F	9H-VJD	GLEX
2080	9H-QFM	B738
2081	9H-EXY	A319
2082	9H-AKY	A20N
2083	9H-AKZ	A20N
2084	9H-IMW	E135
2085	9H-EXZ	A319
2086	9H-EWF	A320
2087	9H-EWG	A320
2088	9H-EWI	A320
2089	9H-VJE	GLEX
208A	9H-VJF	GLEX
208C	9H-AKV	CRJX
208D	9H-FMH	PA31
208E	9H-WMC	A21N
208F	9H-WMD	A21N
2090	9H-WME	A21N
2091	9H-FOM	E50P
2092	9H-WMF	A21N
2093	9H-JPC	E35L
2094	9H-WFC	E35L
2095	9H-QFO	B738
2096	9H-QFN	B738
2098	9H-THB	LJ31
2099	9H-MTF	B733
209A	9H-LEO	C550
209D	9H-COB	C25M
209E	9H-TEQ	A346
209F	9H-GGG	B737
20A0	9H-PEA	A21N
20A2	9H-ISLA	E35L
20A3	9H-TIW	PC12
20A6	9H-SML	BE20
20A7	9H-AVM	B752
20A8	9H-BSG	CRJ2
20A9	9H-MSMS	GA5C
20AA	9H-IGH	GLEX
20AB	9H-IVO	A320
20AC	9H-III	GLEX
20AE	9H-YAA	GL5T
20AF	9H-11MKZ	FA8X
20B1	9H-WMG	A21N
20B5	9H-VTA	GL5T
20B6	9H-VTB	GL5T
20B7	9H-VTC	GL5T
20B8	9H-RAC	GL7T
20B9	9H-JGR	CL60
20BC	9H-WMH	A21N
20BD	9H-WMI	A21N
20BE	9H-WMJ	A21N
20BF	9H-WMK	A21N
20C0	9H-WML	A21N
20C1	9H-BEAR	FA6X
20C2	9H-AEB	PA34
20C3	AS1428	A139
20C4	9H-STLA	GLEX
20C5	9H-AHA	B735
20C6	9H-MOS	BE9L
20C7	9H-VFA	CL60
20C8	9H-VFB	CL60
20C9	9H-VFC	CL60
20CA	9H-VFD	CL60
20CB	9H-VFE	CL60
20CC	9H-JCD	CL60
20CD	9H-VJG	GLEX
20CE	9H-VFF	CL60
20CF	9H-VCB	CL35
20D0	9H-VJH	GLEX
20D1	9H-VCA	CL35
20D2	9H-KAZ	H25B
20D3	9H-KAP	E35L
20D4	9H-SMB	GLEX
20D5	9H-VJI	GLEX
20D6	9H-VJJ	GLEX
20D7	9H-VJL	GLEX
20D8	9H-VJK	GLEX
20D9	9H-VCC	CL35
20DA	9H-PAL	C55B
20DB	9H-RUN	B734
20DC	9H-XLB	A21N
20DD	9H-IRA	GLEX
20DE	AS1429	A139
20E0	9H-8000K	GL7T
20E1	9H-CLG	CRJ2
20E2	9H-VFG	CL60
20E3	9H-VFH	CL60
20E4	9H-DDJ	LJ75
20E5	9H-ZAZ	B734
20E6	9H-VCD	CL35
20E7	9H-VCE	CL35
20E8	9H-VCF	CL35
20E9	9H-VCG	CL35
20EA	AS2633	HRON
20EB	9H-VFI	CL60
20EC	9H-VJM	GLEX
20ED	9H-SIL	B737
20EE	9H-RBA	BE20
20EF	9H-CAZ	B77W
20F0	9H-CAY	B77W
20F3	9H-WMM	A21N
20F4	9H-WMN	A21N
20F5	9H-VFJ	CL60
20F6	9H-VJN	GLEX
20F8	9H-VJP	GLEX
20F9	9H-VJQ	GLEX
20FA	9H-AJW	B733
20FB	9H-WMP	A21N
20FD	9H-WMQ	A21N
20FE	9H-VJZ	GLEX
20FF	9H-WMR	A21N
2100	9H-WMS	A21N
2101	9H-WMT	A21N
2102	9H-VCJ	CL35
2103	9H-JOY	CRJ2
2104	9H-BOO	CRJ2
2105	9H-EBL	A332
2106	9H-GMA	EC45
2107	9H-PAM	B733
2108	9H-GMB	EC45
210A	9H-MRQ	LJ35
210B	9H-VJY	GLEX
210C	9H-ILA	CRJ2
210D	9H-ILI	CRJ2
210E	9H-ILV	CRJ2
210F	9H-ILY	CRJ2
2110	9H-ILZ	CRJ2
2112	9H-FGV	E50P
2113	9H-KAS	CL60
2114	9H-LXX	GLEX
2115	9H-MIR	CL60
2116	9H-LRSR	CL35
2117	AS1630	A139
2119	9H-VCK	CL35
211A	9H-VJR	GLEX
211B	9H-VJS	GLEX
211C	9H-IRI	C56X
211F	9H-GVA	GL5T
2120	9H-CEA	CL35
2121	9H-GFI	GLEX
2122	9H-JBJ	GLEX
2124	9H-GTC	B734
2125	9H-AMZ	GLEX
2127	9H-VCL	CL35
2128	9H-HAM	F2TH
2129	9H-MSB	A320
212A	9H-PPJ	GLEX
212B	9H-SSG	FA10
212C	9H-YES	B735
212D	9H-VJT	GLEX
212F	9H-AMW	B734
2130	9H-VJU	GLEX
2131	9H-VJV	GLEX
2132	9H-VJW	GLEX
2133	9H-VCM	CL35
2134	9H-VCN	CL35
2135	9H-YOU	CRJ2
2136	9H-FCA	GLEX
2137	9H-MSH	E550
2138	9H-MMP	P212
2139	9H-VJX	GLEX
213A	9H-MYU	CL60
213B	9H-XLC	A21N
213D	9H-KAT	B734
213E	9H-WMW	A21N
213F	9H-SSK	GLF6
2141	9H-WZA	A321
2142	9H-GYN	P28A
2143	9H-WZB	A321
2144	9H-PIK	C550
2145	9H-WZC	A321
2146	9H-WZD	A321
2147	9H-IBD	GL5T
2148	9H-FCB	FA7X
2149	9H-VCO	CL35
214A	9H-BIG	A343
214B	9H-TRI	A320
214C	9H-FJI	A320
214D	9H-BRB	A320
214E	9H-DGE	DA42
214F	9H-J4K	C68A
2150	9H-AMY	CRJ2
2152	9H-PFX	E550
2153	9H-TJZ	B738
2154	9H-F6X	FA6X
2155	9H-VTD	GLEX
2156	9H-BEM	C25C
2157	9H-OWL	CL60
2158	9H-PLM	C650
2159	9H-GGF	C56X
215A	9H-CHL	CL35
215B	9H-JAI	A343
215C	9H-646FX	GLF6
215D	9H-JJB	B77W
215E	9H-AUL	B733
215F	9H-1MMG	BE20
2161	9H-SEY	A320
2162	9H-MAC	B735
2163	9H-DTY	GLF6
2165	9H-EXEI	GL5T
2166	AS1731	BE20
2167	9H-FOX	A343
2168	9H-XLD	A21N
2169	9H-VVP	CL60
216A	9H-XLE	A21N
216C	9H-CGF	P46T
216D	9H-NOA	B733
216E	9H-EUC	A320
216F	9H-ORNET	GLEX
2170	9H-DFS	FA50
2171	9H-RRC	F900
2172	9H-PIC	SIRA
2174	9H-GAMA	C56X
2175	9H-1MLK	F900
2177	9H-XYZ	DA62
2178	9H-IAN	SIRA
2179	9H-EAM	C172
217A	9H-ILB	CRJ2
217C	9H-MAAM	CL35
217D	9H-VIP	EC35
217E	XA-LON	GLF4
2180	9H-MAG	E55P
2183	9H-LRST	CL35
2184	9H-ICE	A318
2185	9H-ZVJ	A109
2186	9H-XLF	A21N
2187	9H-XLG	A21N
2189	9H-SAR	CRJ2
218B	9H-SOL	A343
218C	9H-VEA	E35L
218D	9H-ANK	A320
218E	9H-MIP	A388
218F	9H-LION	C525
2190	9H-SWN	A320
2191	9H-JAAL	PC24
2192	9H-OJS	GLEX
2193	9H-26EMA	E55P
2194	9H-ADKA	GL5T
2195	9H-VOX	B735
2196	9H-VENTI	AS50
2197	9H-LRSM	EC30
2198	9H-MPW	B734
2199	9H-AOA	C68A
219B	9H-CIE	SR22
219D	9H-EAA	C56X
21A0	9H-JAD	CRJ2
21A2	9H-NEO	A20N
21A3	9H-IDB	E35L
21A4	9H-TJA	B738
21A5	9H-SFK	FA7X
21A6	9H-BLU	TWEN
21A7	9H-1EAL	B734
21A8	9H-DAD	FA7X
21A9	9H-SIS	CL60
21AA	9H-GLG	B77W
21AB	9H-LOV	CRJX
21AC	9H-MAO	GLEX
21AD	9H-JSB	F2TH
21AE	9H-JEH	GLEX
21B1	9H-FHB	A320
21B4	9H-JBM	FA7X
21B5	9H-GKM	C56X
21B7	9H-BDONE	A318
21B8	9H-TIO	GL5T
21BA	9H-TTB	SR22
21BC	9H-ASB	GL5T
21BD	9H-OJO	GLEX
21BE	9H-CLW	E190
21C0	9H-ABW	P28A
21C1	9H-VLT	SIRA
21C2	9H-NYC	E190
21C5	9H-SZN	A339
21C6	9H-LEL	GL5T
21C7	9H-GRC	FA8X
21C8	9H-TJC	B738
21C9	9H-FOS	B738
21CC	9H-OKO	GLF6
21CD	9H-VEB	E35L
21CE	9H-FRA	B738
21CF	9H-FSJ	B738
21D1	9H-HBS	E50P
21D2	9H-GFP	B738
21D3	9H-SLA	A320
21D4	9H-TJB	B738
21D5	9H-LRSN	EC30
21D6	9H-LRSX	EC30
21D7	9H-OVG	GLEX
21D8	9H-ANZ	A320
21DB	9H-NEB	A20N
21DC	9H-NEC	A20N
21DD	9H-XLI	A21N
21DE	9H-CBH	FA7X
21DF	9H-LRSZ	H160
21E0	9H-BSH	GLEX
21E1	9H-LOL	A319
21E2	9H-SDW	R66
21E3	9H-GOAT	C56X
21E4	9H-AMN	GL5T
21E5	9H-NSV	GLEX
21E6	9H-SHO	B738
21E7	9H-DSW	B734
21E8	9H-FRM	FA10
21E9	9H-QAA	B738
21EA	9H-QAB	B738
21EB	9H-QAC	B738
21EC	9H-QAD	B738
21ED	9H-QAE	B738
21EE	9H-QAF	B738
21EF	9H-QAG	B738
21F0	9H-QAH	B738
21F1	9H-QAI	B738
21F2	9H-QAJ	B738
21F3	9H-FXVE	A139
21F6	9H-CRI	B738
21F7	9H-QAK	B738
21FB	9H-TOCH	PC12
21FC	9H-QAL	B738
21FD	9H-QAM	B738
21FE	9H-QAN	B738
21FF	9H-EFA	P28A
2200	9H-IRC	GLEX
2201	9H-ONE	GL5T
2202	9H-SLB	A320
2203	9H-MAF	GL7T
2204	9H-JOS	C56X
2205	9H-LIS	A321
2207	9H-RTU	A332
2208	9H-QBZ	B738
2209	9H-QCL	B738
220A	9H-QDG	B738
220B	9H-QCS	B738
220C	9H-QBP	B738
220D	9H-AMB	A320
220E	9H-WIT	PC12
2210	9H-QBT	B738
2211	9H-QBU	B738
2212	9H-QCB	B738
2213	9H-QCY	B738
2214	9H-QEF	B738
2215	9H-QBS	B738
2216	9H-QEH	B738
2217	9H-QBL	B738
2218	9H-QBN	B738
2219	9H-QBW	B738
221A	9H-QBQ	B738
221B	9H-MPR	A109
221C	9H-TAJ	A333
221D	9H-QBO	B738
221E	9H-QEB	B738
221F	9H-QEI	B738
2220	9H-QBM	B738
2221	9H-QCH	B738
2222	9H-QAP	B738
2223	9H-QEK	B738
2224	9H-QAR	B738
2225	9H-QEN	B738
2226	9H-QCJ	B738
2228	9H-QCC	B738
2229	9H-QCI	B738
222A	9H-QCT	B738
222B	9H-QEO	B738
222C	9H-QCX	B738
222D	9H-QDB	B738
222E	9H-QAO	B738
222F	9H-FCM	E190
2230	9H-FAB	E190
2231	9H-MDM	B190
2232	9H-QBX	B738
2233	9H-QBY	B738
2234	9H-QCF	B738
2235	9H-QDC	B738
2236	9H-QDT	B738
2237	9H-QAQ	B738
2238	9H-QCN	B738
2239	9H-QBI	B738
223A	9H-QCG	B738
223B	9H-QCQ	B738
223C	9H-SBK	PC24
223E	9H-VDB	A321
223F	9H-QAS	B738
2240	9H-QBJ	B738
2241	9H-QCO	B738
2242	9H-QCD	B738
2243	9H-QCP	B738
2244	9H-QCV	B738
2245	9H-QEG	B738
2246	9H-QEJ	B738
2247	9H-QDF	B738
2248	9H-QCR	B738
2249	9H-SPY	PC12
224A	9H-FHA	A320
224C	9H-QAT	B738
224D	9H-QEL	B738
224E	9H-QDY	B738
224F	9H-QED	B738
2250	9H-QEM	B738
2251	9H-QCK	B738
2252	9H-HFC	A333
2254	9H-SOI	GLEX
2255	9H-QDI	B738
2256	9H-QBD	B738
2257	9H-QDA	B738
2258	9H-QCW	B738
2259	9H-QBB	B738
225A	9H-QEE	B738
225B	9H-QCU	B738
225C	9H-QDD	B738
225D	9H-QDN	B738
225E	9H-QEP	B738
225F	9H-QDR	B738
2260	9H-QDS	B738
2261	9H-QBV	B738
2262	9H-QAY	B738
2263	9H-QDZ	B738
2264	9H-QDJ	B738
2265	9H-QDL	B738
2267	9H-SDF	AS50
2268	9H-QDX	B738
2269	9H-QAU	B738
226A	9H-QDU	B738
226B	9H-QCA	B738
226C	9H-QAZ	B738
226D	9H-QBR	B738
226E	9H-QCZ	B738
226F	9H-QBG	B738
2270	9H-QBA	B738
2271	9H-QEC	B738
2272	9H-QDH	B738
2273	9H-QDQ	B738
2274	9H-QBC	B738
2275	9H-QBF	B738
2276	9H-MLH	PIVI
2277	9H-HFD	A333
2278	9H-TJD	B738
2279	9H-QBH	B738
227A	9H-QCE	B738
227B	9H-QDV	B738
227C	9H-QAV	B738
227D	9H-QDM	B738
227E	9H-QAX	B738
227F	9H-QAW	B738
2280	9H-QBE	B738
2283	9H-XPA	BE20
2285	9H-PTN	A332
2286	9H-QDP	B738
2287	9H-QDO	B738
2288	9H-QBK	B738
2289	9H-QDE	B738
228A	9H-QDW	B738
228B	9H-QDK	B738
228C	9H-CLARA	CRJ2
228D	9H-AHB	B734
228F	9H-QEA	B738
2290	9H-QCM	B738
2291	9H-RVM	PC6T
2295	9H-AVK	A20N
229A	9H-TDI	GL5T
229B	9H-NHS	A346
229C	9H-OST	GA5C
229D	9H-CXA	B738
229F	9H-MSS	LJ45
22A0	9H-HFA	A333
22A1	9H-AMO	GLF4
22A3	9H-CXB	B738
22A4	9H-HFE	A333
22A6	9H-EDT	CL35
22A7	9H-BGK	CRJ2
22A8	9H-MFS	A332
22A9	9H-AHC	B734
22AA	9H-WCF	H25B
22AB	9H-NED	A20N
22AC	9H-HLY	B738
22AD	9H-LMG	A320
22AE	9H-LMH	A320
22AF	9H-LMP	A320
22B0	9H-LOU	A320
22B1	9H-LOZ	A320
22B2	9H-LOR	A320
22B3	9H-LMJ	A320
22B4	9H-LOI	A320
22B5	9H-LON	A320
22B6	9H-LAX	A320
22B7	9H-LMI	A320
22B8	9H-LOM	A320
22B9	9H-LOT	A320
22BA	9H-IBJ	A320
22BB	9H-LMB	A320
22BC	9H-LMC	A320
22BD	9H-LOW	A320
22BE	9H-LOB	A320
22BF	9H-IHD	A320
22C1	9H-LOS	A320
22C2	9H-IHL	A320
22C3	9H-LOO	A320
22C4	9H-IHH	A320
22C5	9H-LOY	A320
22C6	9H-LOA	A320
22C7	9H-LOP	A320
22C8	9H-LOQ	A320
22CA	9H-LMT	A320
22CE	9H-SXK	A333
22D1	9H-ANS	GLEX
22D4	9H-BFS	A332
22D5	9H-SLC	A321
22D6	9H-VFK	CL60
22D7	9H-SAL	C55B
22DB	9H-LIV	A319
22DE	9H-NIN	B505
22DF	9H-AMD	A321
22E0	9H-FLX	F900
22E4	9H-DOM	CRJ2
22E7	9H-TGR	C25B
22E8	9H-GOA	LJ60
22EC	9H-CXC	B738
22F5	9H-VIB	GL7T
22F6	9H-JCE	HDJT
22F7	9H-VIC	GL7T
22F9	9H-LOVE	GA5C
22FB	9H-RSQ	EC35
22FD	9H-SLE	A320
22FE	9H-AME	A321
22FF	9H-VUA	B38M
2300	9H-VUB	B38M
2301	9H-VUC	B38M
2302	9H-VUD	B38M
2303	9H-VUE	B38M
2304	9H-VUF	B38M
2306	9H-PRO	GLEX
2308	9H-IBI	GL7T
230A	9H-MSK	B744
230B	9H-CGA	A321
230C	9H-KIM	FA8X
230D	9H-VID	GL7T
230E	9H-AIG	E190
2310	9H-SMD	A333
2311	9H-SLK	A320
2313	9H-SLF	A320
2314	9H-SLH	A320
2315	9H-SLI	A320
2316	9H-SLJ	A320
2317	9H-CGB	A321
2318	9H-SMC	A333
2319	9H-SME	A333
231C	9H-AMH	A320
231D	9H-ARK	GLEX
231E	9H-AIQ	E35L
231F	9H-MAZ	GLEX
2320	9H-BEL	DH8D
2321	9H-AIV	E190
2322	9H-VIE	GL7T
2326	9H-TQZ	A343
2329	9H-EVA	DH8D
232B	9H-AZA	B744
232C	9H-TJE	B738
232D	AS2132	HRON
232F	9H-GKL	A332
2330	9H-AFX	E550
2331	9H-BBH	GLF6
2332	9H-VDS	A320
2333	9H-ZTA	A321
2334	9H-AIP	E35L
2335	9H-CCH	CL60
2336	9H-AML	A320
2337	9H-MEP	P06T
2338	9H-AMI	A320
2339	9H-ALM	DH8A
233A	9H-JFS	A332
233C	9H-ALD	CL60
233D	9H-XOB	C56X
233F	9H-AMP	A320
2340	9H-AMJ	A320
2341	9H-ZTB	A321
2342	9H-IFX	E550
2343	9H-AMQ	A321
2344	9H-AMR	A321
2346	9H-VUG	B38M
2347	9H-VUH	B38M
2348	9H-VUI	B38M
2349	9H-VUJ	B38M
234A	9H-VUK	B38M
234B	9H-VUL	B38M
234C	9H-VUM	B38M
234D	9H-VUN	B38M
234E	9H-VUO	B38M
234F	9H-VUP	B38M
2350	9H-VUQ	B38M
2351	9H-AMK	A320
2352	9H-TJF	B738
2355	9H-DGB	DA42
2356	9H-AIT	AT75
2357	9H-GTS	A320
2358	9H-GRS	F900
2359	9H-ELF	B737
235A	9H-AMU	A320
235B	9H-VIG	GL7T
235C	9H-VIH	GL7T
235D	9H-XOA	C56X
235F	9H-649FX	GLF6
2361	9H-XOC	C56X
2362	9H-FIVE	BCS1
2363	9H-POP	A333
2365	9H-ZFX	E550
2366	9H-NFU	AT76
2367	9H-NFR	AT76
2368	9H-VUR	B38M
2369	9H-VUS	B38M
236A	9H-VUT	B38M
236B	9H-VUU	B38M
236C	9H-VUV	B38M
236E	9H-BAS	P46T
236F	9H-SMI	A333
2371	9H-VII	GL7T
2372	9H-TQP	A332
2373	9H-TQY	A343
2374	9H-VCP	CL35
2375	9H-HOP	A343
2376	9H-DGM	DA62
2377	9H-IGGY	SR22
2378	9H-AMV	A320
237A	9H-PTP	A333
237B	9H-SMG	A333
237D	9H-CFS	A332
237F	9H-LPZ	E550
2381	9H-LQA	ECHO
2382	9H-VVA	B38M
2383	9H-VVC	B38M
2384	9H-VUW	B38M
2385	9H-VUX	B38M
2386	9H-VUY	B38M
2387	9H-VUZ	B38M
2388	9H-JCA	BE20
2389	9H-FJX	E55P
238A	9H-KFX	E550
238B	9H-LFX	E550
238C	9H-VIJ	GL7T
238F	9H-AXL	S22T
2390	9H-FHY	A320
2392	9H-MLB	A320
2393	9H-MLC	A320
2394	9H-MLA	A320
2395	9H-AMM	A320
2397	9H-MSA	A320
2398	9H-MOON	FA7X
239A	9H-CXD	B738
239B	9H-CXE	B738
239C	9H-CXF	B738
239D	9H-ZTC	A321
239E	9H-GMG	C650
23A0	9H-MLQ	A320
23A1	9H-MLR	A320
23A2	9H-MLS	A320
23A3	9H-MLU	A320
23A4	9H-GKK	A320
23A5	9H-JON	LJ45
23A7	9H-XFX	E55P
23A9	9H-AJG	A320
23AB	9H-VISTA	GL7T
23B3	AS9819	BN2T
23B5	9H-AJC	A320
23B6	9H-NFT	AT76
23B7	9H-VIK	GL7T
23B8	9H-MLE	A320
23B9	9H-ONI	DH8A
23BA	9H-MAS	GL5T
23BB	9H-MMO	A320
23BC	9H-ORN	B38M
23BE	9H-NIK	P180
23BF	9H-AHUB	A343
23C1	9H-AJF	A320
23C3	9H-CXG	B738
23C4	9H-VDC	A333
23C6	9H-LBS	DA62
23C8	9H-PARTS	BE20
23CA	9H-AJM	A320
23CB	9H-CGC	A321
23CC	9H-CGD	A321
23CD	9H-CGE	A321
23CE	9H-CGG	A321
23CF	9H-RFX	E550
23D0	9H-220CJ	BCS1
23D4	9H-ALE	DH8D
23D5	9H-AZB	B744
23D6	9H-AZC	B744
23D8	9H-ELO	DA62
23DB	9H-VIL	GL7T
23DC	9H-VCQ	CL35
23DE	9H-GSWAN	FA7X
23DF	9H-ALK	S22T
23E0	9H-RFAP	FA7X
23E1	9H-CAD	B763
23E2	9H-CLD	FA10
23E3	9H-TAU	B38M
23E6	9H-AJQ	A332
23E7	9H-KOG	B789
23E8	9H-ETA	B38M
23E9	9H-CHI	B38M
23EA	9H-CXH	B738
23EC	9H-MLO	A320
23ED	9H-VIM	GL7T
23EE	9H-MLV	A320
23EF	9H-PET	DH8D
23F0	9H-GEF	B738
23F3	9H-SWL	SR22
23F4	9H-VIN	GL7T
23F6	9H-IRL	C56X
23F8	9H-VVD	B38M
23F9	9H-QEQ	B738
23FA	9H-QER	B738
23FB	9H-QES	B738
23FC	9H-QET	B738
23FD	9H-QEU	B738
23FE	9H-TOP	GLEX
23FF	9H-WAA	A21N
2400	9H-WAB	A21N
2401	9H-WAC	A21N
2402	9H-WAD	A21N
2403	9H-WAE	A21N
2405	9H-EUL	A320
2406	9H-EUR	A320
2407	9H-EUS	A320
2408	9H-EXP	A319
2409	9H-EXQ	A319
240A	9H-EXR	A319
240B	9H-EUT	A320
240C	9H-EUU	A320
240D	9H-EUV	A320
240E	9H-EUW	A320
240F	9H-EUX	A320
2410	9H-EXS	A319
2411	9H-EXT	A319
2412	9H-EXW	A319
2413	9H-EWA	A320
2414	9H-EWB	A320
2415	9H-EWC	A320
2416	9H-EWD	A320
2417	9H-EWE	A320
2418	9H-EWH	A320
241A	9H-WAF	A21N
241B	9H-WAM	A21N
241C	9H-WAG	A21N
241D	9H-WAH	A21N
241E	9H-WAI	A21N
241F	9H-WAJ	A21N
2420	9H-WAK	A21N
2421	9H-WAL	A21N
2422	9H-WAN	A20N
2423	9H-WAO	A21N
2424	9H-WAP	A21N
2425	9H-WAQ	A21N
2426	9H-WBR	A21N
2427	9H-WAS	A21N
2428	9H-WAT	A21N
2429	9H-WAU	A320
242A	9H-WAV	A320
242B	9H-WAW	A21N
242C	9H-WAX	A21N
242D	9H-WAY	A21N
242E	9H-WAZ	A21N
242F	9H-WBA	A20N
2430	9H-WBB	A20N
2433	9H-WBE	A21N
2434	9H-WBF	A21N
2438	9H-AZZA	CL60
2439	9H-PAX	A332
243A	9H-JIVA	F2TH
243B	9H-VCR	CL35
243C	9H-VCS	CL35
243D	9H-VIO	GL7T
243E	9H-AKA	B744
243F	9H-SKW	C510
2442	9H-HMJ	FA10
2443	9H-DEE	E190
2444	9H-DGN	DA62
2448	9H-WBZ	A21N
2449	9H-VVE	B38M
244A	9H-VVF	B38M
244B	9H-VVG	B38M
244C	9H-VVH	B38M
244D	9H-GKJ	A320
244F	9H-MLW	A320
2450	9H-MLX	A20N
2451	9H-WBG	A320
2452	9H-WBH	A320
2453	9H-WBI	A21N
2454	9H-WBJ	A320
2455	9H-WBK	A21N
2456	9H-WBL	A21N
2457	9H-WBM	A21N
2458	9H-WBN	A21N
245A	9H-WBP	A320
245B	9H-WBQ	A320
245C	9H-WZR	A320
245D	9H-WBS	A21N
245E	9H-WBT	A320
245F	9H-WBU	A21N
2461	9H-JVA	GLF4
2462	9H-KWA	B789
2464	9H-VCT	CL30
2465	9H-NCC	AT76
2468	9H-IMP	E35L
2469	9H-FAY	E190
246A	9H-01SG	PC12
246B	9H-VIR	GL7T
246D	9H-VDL	A320
246F	9H-WDA	A320
2470	9H-AKF	B744
2471	9H-SPW	GLEX
2475	9H-KAR	B738
2476	9H-MLY	A320
2477	9H-SWA	A320
2478	9H-WBW	A20N
2479	9H-WBY	A20N
247B	9H-WBX	A20N
247C	9H-NCD	AT76
247D	9H-SWB	A320
247E	9H-SWD	A320
247F	9H-VIT	GL7T
2480	9H-VCU	CL35
2481	9H-BELL	FA7X
2484	9H-VONE	GL7T
2485	9H-VCW	CL35
2486	9H-VCV	CL35
2487	9H-ANI	A321
2489	9H-VCX	CL35
248A	9H-NZL	A320
248B	9H-WDB	A320
248C	9H-WDC	A320
248D	9H-WDD	A320
248E	9H-WDH	A21N
248F	9H-WDI	A21N
2490	9H-WDJ	A21N
2491	9H-WDK	A21N
2492	9H-WDL	A21N
2493	9H-WDM	A21N
2494	9H-MLZ	A320
2495	9H-SWF	A320
2498	9H-CGJ	A321
2499	9H-CGI	A321
24A0	9H-VCY	CL35
24A1	9H-VCZ	CL35
24A2	9H-SEB	EC35
24A4	9H-ARI	B38M
24A5	9H-DRA	B38M
24A7	9H-GEM	B38M
24A8	9H-HYA	B38M
24A9	9H-AKJ	B744
24AA	9H-SEC	EC35
24AB	9H-WDN	A21N
24AC	9H-WDO	A21N
24AD	9H-WDP	A21N
24AE	9H-WDQ	A21N
24AF	9H-WDR	A21N
24B0	9H-WDE	A21N
24B1	9H-WDF	A21N
24B2	9H-WDG	A21N
24B3	9H-WDS	A21N
24B4	9H-WDT	A21N
24B5	9H-WDU	A21N
24B6	9H-SAU	B738
24BA	9H-NEE	A20N
24BC	9H-LNS	B789
24BF	9H-PALMA	DHC6
24C0	9H-CAC	B763
24C1	9H-WZS	A320
24C2	9H-WZW	A320
24C5	9H-WZT	A320
24C6	9H-WZX	A320
24C8	9H-MGK	GLF6
24CA	9H-VVI	B38M
24CB	9H-VVJ	B38M
24CC	9H-VVK	B38M
24CD	9H-BWW	AT73
24CF	9H-648FX	GLF6
24D0	9H-SFY	BE20
24D2	9H-SWG	A320
24D3	9H-SWI	A320
24D4	9H-WDV	A21N
24D5	9H-WDW	A21N
24D6	9H-WDX	A21N
24D7	9H-WDY	A21N
24D8	9H-WDZ	A21N
24DA	9H-02SG	AS50
24DB	9H-AZE	B77W
24DC	9H-DINKY	P180
24DD	9H-1VJ	A189
24DE	9H-NEF	A20N
24E1	9H-DCGB	GL7T
24E2	9H-RIKY	S22T
24E3	9H-CGK	A321
24E4	9H-AZD	B77W
24E5	9H-HFH	A332
24E6	9H-SWJ	A320
24E7	9H-SWC	A320
24E9	9H-AKM	E195
24EA	9H-VVL	B38M
24EB	9H-VVM	B38M
24EC	9H-AJI	A332
24ED	9H-DNAG	CL35
24EE	9H-SWM	A320
24EF	9H-BCT	GLF6
24F0	9H-SOP	DH8D
24F1	9H-SFG	GLEX
24F2	9H-LWA	DH8D
24F3	9H-PMN	C25A
24F5	9H-GIAN	EC30
24F7	9H-EROES	GLEX
24F8	9H-MNL	PC12
24FA	9H-SWK	A320
24FB	9H-MGM	C56X
24FE	9H-HFJ	A332
24FF	9H-MFX	E550
2500	9H-VVN	B38M
2501	9H-VVO	B38M
2502	9H-VVQ	B38M
2503	9H-VVR	B38M
2504	9H-VVS	B38M
2505	9H-HFI	A333
2506	9H-HLMG	A139
2507	9H-SWE	A320
2508	9H-BRU	B738
2509	9H-EUN	A320
250A	9H-HFK	A332
250B	9H-WZQ	A320
250C	9H-EBM	E55P
250D	9H-FLYIN	E55P
250E	9H-RZZ	C510
250F	9H-APX	PC24
2510	9H-EHA	PC12
2511	9H-EHB	PC12
2515	9H-OCEAN	DHC6
2516	9H-PAUL	DH8D
2517	9H-CHA	B38M
2518	9H-QFE	B738
2519	9H-QFB	B738
251A	9H-QFD	B738
251B	9H-QEW	B738
251C	9H-QEY	B738
251D	9H-QFA	B738
251E	9H-IKE	SF50
251F	9H-VFN	CL60
2520	9H-VFM	CL60
2521	9H-818TG	BCS1
2522	9H-LWB	DH8D
2524	9H-SAT	B738
2526	9H-XONE	FA7X
2527	9H-WNA	A21N
2528	9H-WNB	A21N
2529	9H-WNC	A21N
252A	9H-WND	A21N
252B	9H-WNE	A21N
252C	9H-GLOBL	A388
252F	9H-SWW	DH8D
2530	9H-VFO	CL60
2532	9H-WNF	A21N
2533	9H-WNG	A21N
2534	9H-WNH	A21N
2535	9H-WNI	A21N
2536	9H-WNJ	A21N
2537	9H-OTI	PC12
2538	9H-VFP	CL60
253B	9H-EUQ	A320
253D	9H-MAB	B738
253E	9H-FIT	B734
253F	9H-EART	F2TH
2540	9H-NEAH	FA7X
2796	9H-STR	DA42
400A	3A-MLM	TB20
401E	3A-MBD	EC55
4020	3A-MAX	AS50
4027	3A-MAC	AS50
402B	3A-MTG	EC55
402E	3A-MMZ	EC30
4030	3A-MVT	EC30
4038	3A-MSR	C525	A
4039	3A-MPJ	EC30
403C	3A-MXC	AS55
403E	3A-MTT	AS50
403F	3A-MGA	FA8X
4043	3A-MAF	EC35
4045	3A-MAJ	EC30
4048	3A-UEU	EFOX
404B	3A-MCA	R44
404C	3A-MIG	PC12
404D	3A-ULM	SVNH
404E	3A-MPR	B06
404F	3A-MFM	EC30
4050	3A-MIA	EC30
4051	3A-MFC	A109
4052	3A-MHM	EC30
4054	3A-MYP	DA50
4055	3A-MJM	EC55
4056	3A-MNS	EC45
4057	3A-MHS	EC55
405A	3A-MSR	C25C	A
405B	3A-MXL	EC35
4060	3A-MEV	S22T
