0018	EW-85741	T154
001C	EW-78843	IL76
002A	EW-250PA	B735
002B	EW-001PA	B738
003B	EW-259TG	AN26
003C	EW-262TK	AN32
0041	EW-252PA	B735
0043	EW-254PA	B733
0045	EW-275TI	AN12
0048	EW-282PA	B733
004C	EW-74957	AN72
004D	EW-355EH	AS50
004E	EW-290PA	B735
0055	EW-301PJ	CRJ2
005A	EW-303PJ	CRJ2
005E	EW-001PB	B763
0069	EW-338TI	AN12
0074	EW-357LL	DA40
0075	EW-358LL	DA40
0076	EW-355TH	IL76
0077	EW-366PA	B733
007E	EW-328TG	AN26
007F	EW-399PO	E195
0080	EW-400PO	E195
0081	EW-383TH	IL76
0082	EW-404PA	B733
008B	EW-435TI	AN12
0092	EW-395TH	IL76
0099	EW-450TR	IL62
009A	EW-455PA	B738
009B	EW-456PA	B738
009C	EW-457PA	B738
00A0	EW-466TH	IL76
00C2	EW-005DE	IL76
00C3	EW-465TQ	B743
00C7	EW-484TI	AN12
00C8	EW-485TI	AN12
00E3	EW-493LL	DA40
00E7	EW-004DE	IL76
00E9	EW-502LL	PC12
00EB	EW-499SL	SD4
00FA	EW-512PO	E170
00FB	EW-513PO	E195
00FC	EW-514PO	E195
00FE	EW-510TH	IL76
0111	EW-490LL	C182
0112	EW-001PH	A139
0115	EW-527PA	B738
0116	EW-528PA	B38M
011C	EW-535SL	EVSS
012B	EW-001PJ	GLF5
012D	EW-544PA	B738
0134	EW-547PA	B738
0135	EW-548PA	B736
0136	EW-500LL	PC12
0146	EW-505TR	IL62
014D	EW-536SL	EVSS
0150	EW-564TR	IL62
0152	EW-567TH	IL76
0156	EW-576TH	IL76
0163	EW-579PP	H25B
0164	EW-572SL	SD4
016A	EW-587PD	A332
016B	EW-588PD	A332
016C	EW-589PD	A332
0172	EW-434TH	IL76
0176	EW-600PP	H25B
03EE	EW-553LL	C77R
03FF	EW-540LL	C182
100D	ES-NOI	AN72
1022	ES-EPA	PA31
102C	ES-PJR	JS32
1033	ES-PVH	LJ31
1035	ES-YLX	L39
1036	ES-TLB	L39
103C	ES-MAA	C208
1041	ES-TLF	L39
1043	ES-ECY	C172
1044	ES-ECF	C172
1045	ES-TLG	L39
1047	ES-YLF	L39
1048	ES-YLP	L39
1049	ES-YLR	L39
104C	ES-PWB	A139
104D	ES-PCO	C172
1050	ES-ANS	C172
1052	ES-ECG	C172
1055	ES-PWA	A139
105A	ES-FCC	C172
1063	ES-PHR	H25B
1081	RA-1909G	L39
1083	ES-TLQ	L39
1086	ES-RAZ	L39
108A	ES-SHB	HUSK
108D	ES-PWC	A139
1093	ES-HRG	R44
1094	ES-PJA	JS31
1099	ES-AEC	E170
109D	ES-LSA	SF34
109E	ES-FSR	SR22
109F	ES-VPM	P28A
10A0	ES-TLS	L39
10A5	ES-LSB	SF34
10A9	ES-CLS	FDCT
10AA	ES-LSC	SF34
10AB	ES-PJD	JS31
10AE	ES-CMK	BE40
10B0	PH-FCI	JS32
10BA	ES-LSD	SF34
10BB	ES-LSE	SF34
10BC	ES-TLU	L39
10BD	ES-SLS	F900
10BE	ES-SAK	A320
10BF	ES-SAM	A320
10C1	ES-HPK	R22
10C2	ES-HRM	R44
10C3	ES-LSF	SF34
10C7	ES-LSG	SF34
10C8	ES-LSH	SF34
10CA	ES-ACG	CRJ9
10CC	ES-LSI	SF34
10CD	ES-HOG	EC30
10CE	ES-KEN	DA62
10D1	ES-ACH	CRJ9
10D2	ES-ACI	CRJ9
10D4	ES-SAP	A320
10D5	ES-SAO	A320
10D6	ES-SAQ	A320
10D8	ES-TLV	L39
10D9	ES-TGV	L39
10DB	ES-TOP	R44
10E0	ES-ATB	AT76
10E2	ES-ACK	CRJ9
10E3	ES-KLT	P180
10E4	ES-ECL	C152
10E5	ES-ECX	C152
10E7	ES-ATC	AT76
10EB	ES-TGU	L39
10EC	ES-VPD	PA34
10ED	ES-ACL	CRJ9
10EF	ES-NSA	SF34
10F1	ES-PAL	P180
10F2	ES-NSB	SF34
10F5	ES-SAS	PC12
10F6	ES-XYB	L29
10F7	ES-ZGI	A320
10FA	ES-PKY	B350
10FC	ES-NSC	SF34
10FD	ES-SAT	A320
10FE	ES-SAU	A320
1101	ES-ATG	AT76
1103	ES-HRB	R44
1108	ES-NSD	SF34
110B	ES-ATI	AT76
110C	ES-ATJ	AT76
110F	ES-VBN	BN2P
1110	ES-ACN	CRJ9
1111	ES-ACP	CRJ9
1121	43	M28	A
1122	44 BLACK	M28
1129	ES-MLS	A321
112A	ES-UBC	EV97
112E	ES-NSE	SB20
1131	ES-NSF	SB20
1132	ES-NYH	SB20
1138	ES-ESP	SLG2
1139	ES-ESR	SLG2
113A	ES-TEC	TWEN
113B	ES-AUR	EC35
113C	ES-NTA	AT45
113F	ES-NTB	AT45
1141	ES-ETI	RV10
1142	ES-TWN	DA62
1147	ES-NSI	SB20
1149	ES-RZM	EXNG
114B	ES-ARM	R44
114D	ES-JKV	EC30
114E	ES-FLG	PA46
1150	ES-DON	BT36
1151	ES-EPG	PA46
1152	ES-FRX	H25B
1153	ES-SAY	A320
1158	ES-SAA	A320
115A	ES-NSK	SF34
115D	ES-NSL	SF34
115E	ES-GER	DA62
115F	ES-ILM	DA62
1163	ES-SAG	A320
1164	ES-HRX	R44
1167	ES-SKI	PC12
1169	ES-ATL	AT76
116A	ES-AME	EC30
116B	ES-NSM	SF34
116D	ES-NSN	SF34
116F	ES-MBU	A20N
1170	ES-MBA	A20N
1171	ES-MBB	A20N
1172	ES-MBC	A20N
1173	ES-NTC	AT75
1177	ES-VAR	M600
117D	ES-CHE	HDJT
117E	ES-ZPI	PIVI
117F	ES-LTZ	AT75
1181	ES-PVN	LJ60
1187	ES-MBD	A20N
1188	ES-MBE	A20N
1189	ES-MBF	A20N
118A	ES-MBG	A20N
118B	ES-BTC	CL60
1194	ES-MBH	A20N
1195	ES-MBI	A20N
1196	ES-NSR	SF34
1198	ES-NSP	SF34
119A	ES-MBK	A320
119B	ES-MBJ	A20N
200F	Z3-MKD	LJ60
2019	MAP-7751	B212
201C	Z3-DAG	PA34
2022	Z3-UA-010	PIVI
2028	Z3-BGT	AT8T
2029	Z3-BGU	AT8T
202A	Z3-BGV	AT8T
202B	Z3-DAL	P28A
202C	Z3-DAO	P28S
202F	Z3-DAK	P68
2030	Z3-DAM	P68
2031	Z3-DAJ	P28R
2033	Z3-DAE	C172
2034	Z3-DAP	P68
2035	Z3-DAR	BE36
2038	Z3-DAU	PA34
3007	E7-SBA	C500
300B	E7-SMS	C525
3018	E7-AAL	C172
301A	E7-MEL	L410
301E	E7-IMB	P06T
3023	E7-PCI	A119
3026	E7-DDB	C182
3027	E7-GPS	C25C
3029	E7-AAN	C172
302A	E7-MUP	ANST
302E	E7-SAJ	ANST
3030	E7-NEL	SF34
3F17	LY-BPD	B735
4013	4L-GAA	CRJ2
403F	4L-TGI	B735
404B	4L-TGB	CRJ2
4055	4L-TGF	B733
4064	4L-ABA	A30B
406A	4L-AVB	MI8
4089	4L-GEO	B742
408C	4L-GTI	B737
408E	4L-SIA	B722
408F	4L-TGV	E190
4092	4L-MWA	B738
4093	4L-BQJ	B738
4096	4L-TGH	E190
40A2	4L-ESA	E120
40A6	4L-GEN	B742
40AF	4L-EFC	A30B
40B0	4L-TIG	B738
40B3	4L-GTD	B738
40B4	4L-MWC	B737
40B6	4L-CCC	EC45
40B8	4L-IGT	B738
40B9	4L-TBA	B733
40BC	4L-CMX	B738
40BD	4L-GEQ	B752
40BF	4L-GEZ	B738
40C0	4L-GRA	B733
40C1	4L-GID	B738
40C2	4L-NIK	B737
40C3	4L-GCG	AS50
40C5	4L-CMA	B738
40C6	4L-GIT	B763
40C7	4L-GTN	B738
40C9	4L-GEK	B733
40CC	4L-UCK	A306
40CD	4L-UKA	B733
40CF	4L-GTG	GLEX
40D1	4L-MLG	B763
40D2	4L-MWB	B772
40D5	4L-GMC	B763
40D7	4L-GES	B763
40D8	4L-GEL	B763
40D9	4L-CME	B763
40DA	4L-GTO	B738
40DB	4L-GTL	B739
40DE	4L-TWO	B738
40DF	4L-GED	B763
40E1	4L-CMC	B763
40E4	4L-GEF	B763
40E5	4L-MWD	B772
40E6	4L-GTV	B738
4D03	4L-GTR	B763
5001	EY-001	B788
5135	EY-309	B733
5138	EY-312	B733
513A	EY-314	A320
513B	EY-315	FA7X
522B	EY-555	B733
5231	EY-561	B733
52EF	EY-751	B752
5309	EY-777	B738
5313	EY-787	B738
6001	4O-MNE	LJ45
6037	4O-MAE	A109
6038	4O-VUK	C172
603F	4O-AOE	E195
6042	4O-AOI	E195
6091	4O-AOA	E195
6095	4O-AOT	F100
6097	4O-AOB	E195
6098	4O-AOC	E195
6182	4O-HCC	B212
6203	XHB033	B412
6204	XHB032	B412
6205	65326	B505
6206	XHB318	B505
7206	EY-706	A310
