140A	LV-APJ	C152
140C	LQ-APL	C551
140D	LV-APM	C152
1484	LV-ARD	LJ45
148E	LV-ARN	P28A
14C9	LV-ASI	AC50
160F	LV-AXO	BE20
169A	LV-AZZ	M20P
204E	LV-BAN	B350
2057	LV-BAW	LJ35
2093	LV-BBS	C182
20CF	LV-BCO	C550
20D0	LQ-BCP	PAY2
20D2	LQ-BCR	PAY2
20D4	LV-BCT	PAY1
2107	LV-BDG	BE9L
2108	LV-BDH	B412
210D	LV-BDM	LJ31
214C	LQ-BEL	AS50
214D	LV-BEM	BE40
214E	LQ-BEN	AS50
2153	LV-BES	EC45
2155	LV-BEU	C55B
2185	LV-BFE	LJ31
2187	LV-BFG	LJ31
2192	LV-BFR	LJ60
2193	LQ-BFS	LJ40
21C8	LV-BGH	SW4
21C9	LV-BGI	A320
2210	LV-BHP	CL60
2215	LV-BHU	A320
2243	LV-BIC	BE9L
224F	LQ-BIO	AS50
2253	LQ-BIS	AS50
2256	LV-BIV	C208
2348	LQ-BMH	C56X
234F	LV-BMO	BE20
2350	LV-BMP	C208
2353	LV-BMS	BE20
2357	LV-BMW	BE58
23C9	LV-BOI	A320
23D5	LV-BOU	LJ45
23D8	LV-BOX	LJ35
2400	LV-RFU	PA11
2401	LV-BPA	LJ35
2404	LV-BPD	AT3T
240A	LV-BPJ	BE20
240F	LV-BPO	LJ35
2418	LV-BPX	P28A
2481	LV-BRA	A320
2483	LV-BRC	LJ31
2484	LV-BRD	BE20
2485	LV-BRE	C550
248D	LV-BRM	AT8T
2494	LV-BRT	LJ35
2498	LV-BRX	C56X
2499	LV-BRY	A320
24C5	LV-BSE	C172
24CA	LV-BSJ	A320
24CF	LV-BSO	LJ31
24D0	LV-BSP	BE20
24D3	LV-BSS	CL30
24D8	LV-BSX	PA34
2501	LV-BTA	LJ60
2604	LV-BXD	LJ45
2606	LV-BXF	BE9L
2607	LV-BXG	C206
2616	LV-BXV	LJ45
2659	LV-BYY	B737
2682	LV-BZB	W201
2686	LV-BZF	B06
268F	LV-BZO	B737
3044	LV-CAD	B737
3048	LV-CAH	M18
304C	LV-CAL	EC30
304F	LV-CAO	EC45
3050	LV-CAP	B737
3051	LV-CAQ	BE9L
3052	LV-CAR	LJ45
3056	LV-CAV	C208
3059	LV-CAY	LJ60
305A	LV-CAZ	GLF4
3084	LV-CBD	C172
3086	LV-CBF	B737
308B	LV-CBK	C56X
308C	LV-CBL	BE20
308F	LV-CBO	C510
3090	LV-CBP	PC12
3094	LV-CBT	B737
3096	LV-CBV	SS2T
3099	LV-CBY	MU2
309A	LV-CBZ	BE20
30C4	LV-CCD	B407
30C9	LV-CCI	C150
30CC	LV-CCL	C150
30CF	LV-CCO	LJ60
30D5	LV-CCU	BE9L
30D7	LV-CCW	CL60
30D8	LV-CCX	C208
3102	LV-CDB	BT36
3110	LV-CDP	BE58
3113	LV-CDS	C208
3119	LV-CDY	E190
311A	LV-CDZ	E190
3142	LQ-CEB	C208
3144	LV-CED	C55B
314E	LV-CEN	C551
3154	LV-CET	E190
3155	LV-CEU	E190
3156	LV-CEV	E190
3183	LV-CFC	EC20
3185	LV-CFE	C177
3195	LV-CFU	C182
31D4	LV-CGT	C182
320F	LV-CHO	E190
3211	LV-CHQ	E190
3212	LV-CHR	E190
3213	LV-CHS	E190
3217	LV-CHW	BE20
3244	LV-CID	E190
3245	LV-CIE	E190
3246	LV-CIF	E190
3247	LV-CIG	E190
3248	LV-CIH	E190
324F	LV-CIO	LJ60
3259	LV-CIY	BE9L
3282	LV-CJB	B407
3287	LV-CJG	H25B
3288	LV-CJH	B430
3289	LV-CJI	C172
328A	LV-CJJ	BE9L
3299	LV-CJY	LJ40
32C1	LV-CKA	LJ60
32CB	LV-CKK	LJ60
32D4	LV-CKT	C525
32DA	LV-CKZ	E190
330B	LV-CLK	LJ31
3311	LQ-CLQ	EC45
3341	LV-CMA	E190
3342	LV-CMB	E190
334F	LV-CMO	LJ35
3351	LV-CMQ	BE35
3386	LV-CNF	LJ31
3388	LV-CNH	BT36
338A	LV-CNJ	C560
3391	LV-CNQ	LJ31
3403	LV-CPC	LJ60
3409	LV-CPI	E190
340A	LV-CPJ	E190
340B	LV-CPK	E190
340C	LV-CPL	LJ60
3410	LV-CPP	C77R
3413	LQ-CPS	LJ45
3414	LV-CPT	PA24
3441	LV-CQA	B350
3442	LV-CQB	P28R
344B	LV-CQK	C650
344D	LV-CQM	C182
3456	LV-CQV	C55B
3484	LV-CRD	C150
34D3	LV-CSS	C172
3503	LV-CTC	B738
3505	LV-CTE	H25B
3506	LV-CTF	C55B
350B	LV-CTK	BE9L
3512	LV-CTR	BE20
3514	LV-CTT	C550
3515	LV-CTU	B407
3545	LV-CUE	LJ60
3585	LV-CVE	B105
358F	LQ-CVO	C560
3592	LV-CVR	BE9L
35C7	LV-CWG	PA31
35D5	LV-CWU	BE9L
3603	LV-CXC	EC20
3610	LV-CXP	P32R
3613	LV-CXS	B738
3614	LV-CXT	B738
3618	LV-CXX	G164
3619	LV-CXY	R66
3651	LV-CYQ	LJ45
3689	LV-CZI	C82R
3698	LV-CZX	LJ60
3699	LV-CZY	B407
434D	LV-DMM	BE20
5208	LV-EHH	GLID
52D7	LV-EKW	GLIM
52D8	LV-EKX	GLID
53D7	LV-EOW	GLID
6082	LV-FBB	AT8T
6111	LV-FDQ	LJ60
6148	LV-FEH	C170
61CB	LV-FGK	EC20
620C	LV-FHL	BE35
62C7	LV-FKG	C510
634C	LV-FML	R44
6385	LV-FNE	B407
6388	LV-FNH	PA46
6389	LV-FNI	A332
638A	LV-FNJ	A332
638B	LV-FNK	A332
638C	LV-FNL	A332
640A	LV-FPJ	C150
6412	LV-FPR	C208
6413	LV-FPS	E190
6414	LV-FPT	E190
6415	LV-FPU	A343
6416	LV-FPV	A343
6419	LV-FPY	C170
6442	LV-FQB	B738
6443	LV-FQC	B738
6445	LV-FQE	C82R
6451	LV-FQQ	SR22
6457	LV-FQW	C650
6459	LV-FQY	B738
645A	LV-FQZ	B738
648B	LV-FRK	B738
6491	LV-FRQ	B738
64CB	LV-FSK	B738
6504	LV-FTD	C310
6511	LV-FTQ	B407
6541	LV-FUA	B738
6542	LV-FUB	B738
6543	LV-FUC	B738
6546	LV-FUF	LJ60
6548	LV-FUH	BE9L
654B	LV-FUK	BE20
654C	LV-FUL	SR22
654D	LV-FUM	R44
654E	LV-FUN	R44
654F	LV-FUO	R44
6554	LV-FUT	LJ60
6558	LV-FUX	A320
6588	LV-FVH	A332
6589	LV-FVI	A332
658D	LV-FVM	B738
658E	LV-FVN	B738
658F	LV-FVO	B738
6599	LV-FVY	C510
659A	LV-FVZ	LJ60
65C2	LV-FWB	BE58
65C5	LV-FWE	C337
65C6	LV-FWF	BE40
65D3	LV-FWS	B738
65D4	LV-FWT	C525
6611	LV-FXQ	B738
664B	LV-FYK	B738
664E	LV-FYN	C180
6699	LV-FZY	C182
708B	LV-GBK	E190
70CB	LV-GCK	LJ60
70D7	LV-GCW	C172
714A	LV-GEJ	C172
7151	LV-GEQ	PA34
7191	LV-GFQ	B738
71CB	LV-GGK	B738
71D1	LV-GGQ	B738
7211	LV-GHQ	A332
7243	LV-GIC	B190
7246	LV-GIF	A332
724B	LV-GIK	E190
7251	LV-GIQ	E190
72C3	LV-S017	SIRA
72C4	LV-GKD	SR22
72C8	LV-GKH	SR22
72CB	LV-GKK	TWEN
72CC	LV-GKL	C182
72CF	LV-GKO	A332
72D0	LV-GKP	A332
72D1	LV-GKQ	P208
72D2	LV-GKR	PA25
72D3	LV-GKS	B738
72D4	LV-GKT	B738
72D5	LV-GKU	B738
72D6	LV-GKV	BE20
72D7	LV-GKW	C240
7310	LV-GLP	A320
7311	LV-GLQ	BE36
731A	LV-GLZ	PA24
734B	LV-GMK	C182
734D	LV-GMM	C172
7351	LV-GMQ	C25M
73CD	LV-GOM	LJ45
73CF	LV-GOO	B737
7404	LV-GPD	C182
7411	LV-GPQ	SIRA
7412	LV-GPR	C182
7442	LV-GQB	BE20
7443	LV-GQC	C210
7444	LV-GQD	BE20
7445	LV-GQE	GL5T
7446	LV-GQF	SR22
7448	LV-GQH	P208
744A	LV-GQJ	B429
744B	LV-GQK	F900
744C	LV-GQL	BE20
744D	LV-GQM	LJ45
744E	LV-GQN	E50P
744F	LV-GQO	R44
7450	LV-GQP	C182
7454	LV-GQT	C25M
7457	LV-GQW	LJ40
7459	LV-GQY	S22T
74D1	LV-GSQ	C182
7511	LV-GTQ	GLF4
7516	LV-GTV	C172
7541	LV-GUA	PA30
7542	LV-GUB	B738
7543	LV-GUC	B738
7544	LV-GUD	E50P
754C	LV-GUL	C25M
754F	LV-GUO	R44
7553	LV-GUS	A320
7557	LV-GUW	T206
7558	LV-GUX	SIRA
7581	LV-GVA	B738
7582	LV-GVB	B738
7583	LV-GVC	B738
7584	LV-GVD	B38M
7585	LV-GVE	B38M
7586	LV-GVF	B407
7587	LV-GVG	BE58
7591	LV-GVQ	C525
7594	LV-GVT	LJ60
7598	LV-GVX	LJ45
759A	LV-GVZ	BE55
75D3	LV-GWS	C182
75D4	LV-GWT	EA50
75D6	LV-GWV	BE20
75DA	LV-GWZ	C25A
764B	LV-GYK	A169
7691	LV-GZQ	SR22
8054	LV-HAT	CL35
8057	LV-HAW	C208
8091	LQ-HBQ	LJ60
80CB	LV-HCK	R66
80D1	LV-HCQ	R66
814B	LV-HEK	A320
8151	LV-HEQ	TWEN
8159	LV-HEY	PA25
818E	LQ-HFN	B429
8190	LV-HFP	SR22
8192	LV-HFR	B738
8193	LV-HFS	C56X
8194	LV-HFT	C680
8195	LV-HFU	SR22
819A	LV-HFZ	PA24
81CB	LV-HGK	BE55
820C	LV-HHL	C320
8251	LV-HIQ	P46T
8296	LV-HJV	C210
82C2	LV-HKB	PA31
82C6	LV-HKF	C208
82C7	LV-HKG	PA24
82CB	LV-HKK	BE58
82CE	LV-HKN	B738
82D3	LV-HKS	B738
82D4	LV-HKT	AT8T
82D5	LV-HKU	B38M
82D6	LV-HKV	B38M
82D7	LV-HKW	B38M
82D8	LV-HKX	T206
8351	LV-HMQ	R66
83D1	LV-HOQ	P06T
8408	LV-HPH	C182
8444	LV-HQD	M20P
8446	LV-HQF	AN2
844F	LV-HQO	SIRA
8452	LV-HQR	CL60
8454	LV-HQT	P28R
8455	LV-HQU	CRJ1
8491	LV-HRQ	SR22
8508	LV-HTH	C182
850B	LV-HTK	E50P
8511	LV-HTQ	HDJT
8512	LV-HTR	C182
8546	LV-HUF	C185
854D	LV-HUM	C208
8555	LV-HUU	R44
8559	LV-HUY	C182
8581	LQ-HVA	EC45
8585	LV-HVE	E145
8587	LV-HVG	BE58
8588	LV-HVH	B505
8594	LV-HVT	A320
8596	LV-HVV	C150
8597	LV-HVW	P28R
859A	LV-HVZ	R66
85C1	LV-HWA	HDJT
85CD	LV-HWM	BE30
85CE	LQ-HWN	EC55
85CF	LV-HWO	BE9L
85D4	LV-HWT	C206
85D8	LV-HWX	SR22
85D9	LV-HWY	AT8T
85DA	LV-HWZ	LJ45
8603	LV-HXC	BE33
860B	LV-HXK	LJ60
8651	LQ-HYQ	S22T
8683	LV-HZC	IA46
8694	LV-HZT	C182
9051	LV-IAQ	LJ31
914F	LV-IEO	C182
9246	LV-IIF	C180
924B	LV-IIK	C210
9251	LV-IIQ	C180
928B	LQ-IJK	LJ75
9291	LV-IJQ	PA46
92C3	LV-IKC	B407
92CE	LV-IKN	B505
92D6	LV-IKV	R66
9301	LV-ILA	C206
9354	LV-IMT	C182
938A	LV-INJ	C205
9408	LV-IPH	BE35
940C	LV-IPL	C182
9415	LV-IPU	C182
9455	LV-IQU	C56X
9491	LV-IRQ	GLF5
94CE	LV-ISN	BE35
94CF	LV-ISO	C210
9507	LV-ITG	C310
950A	LV-ITJ	C206
950D	LV-ITM	C150
950F	LV-ITO	C182
9511	LV-ITQ	PA24
9513	LV-ITS	C182
9518	LV-ITX	C182
9542	LV-IUB	SR22
9544	LV-IUD	TWEN
9551	LV-IUQ	B505
9555	LV-IUU	SR22
955A	LV-IUZ	M20T
9581	LV-IVA	E145
9583	LV-IVC	PA31
958E	LV-IVN	A320
958F	LV-IVO	A320
9590	LV-IVP	BE20
9596	LV-IVV	SR22
9597	LV-IVW	BE36
95C2	LV-IWB	C150
95CC	LV-IWL	P06T
95CE	LV-IWN	C56X
95D0	LV-IWP	E35L
95D5	LV-IWU	C208
95D6	LV-IWV	H25B
9651	LV-IYQ	LJ35
9655	LV-IYU	EC30
9691	LV-IZQ	C25B
A149	LV-JEI	C182
A18F	LV-JFO	BE55
A192	LV-JFR	BE55
A20D	LV-JHM	AB95
A251	LV-JIQ	C56X
A281	LV-JJA	P28A
A291	LV-JJQ	LJ60
A295	LV-JJU	BE36
A2C1	LV-JKA	ECHO
A2C4	LV-JKD	B350
A2C5	LV-JKE	DHC6
A2C8	LV-JKH	B505
A2CE	LV-JKN	C206
A2D2	LV-JKR	R44
A2D5	LV-JKU	B190
A38B	LV-JNK	BE36
A442	LV-JQB	C172
A443	LV-JQC	C337
A444	LV-JQD	SR22
A446	LV-JQF	FA7X
A44F	LV-JQO	R66
A451	LV-JQQ	LJ60
A456	LV-JQV	C560
A457	LV-JQW	GLF4
A45A	LQ-JQZ	SR22
A542	LV-JUB	SR22
A543	LV-JUC	BE33
A546	LV-JUF	S22T
A547	LV-JUG	C72R
A548	LV-JUH	C182
A54A	LV-JUJ	AS50
A54C	LV-JUL	R66
A54D	LV-JUM	C525
A54E	LV-JUN	C525
A54F	LV-JUO	C501
A550	LV-JUP	LJ45
A551	LV-JUQ	AT8T
A553	LV-JUS	SR22
A554	LV-JUT	AT5T
A55A	LV-JUZ	SR22
A581	LV-JVA	BE58
A582	LV-JVB	CL60
A587	LV-JVG	B407
A588	LV-JVH	LJ60
A58B	LV-JVK	PA46
A58D	LV-JVM	P32R
A58E	LV-JVO	C208
A595	LV-JVU	SR22
A598	LV-JVX	B06
A59A	LV-JVZ	PA46
A5C1	LV-JWA	P06T
A5C2	LV-JWB	P06T
A5C3	LV-JWC	LJ31
A5C6	LV-JWF	C150
A5C7	LV-JWG	SR22
A5CC	LV-JWL	P06T
A5CE	LV-JWN	LJ75
A5D5	LV-JWU	R66
A5D6	LV-JWV	C172
A60B	LV-JXK	M20P
A61A	LV-JXZ	PA25
A68B	LV-JZK	R44
A691	LV-JZQ	LJ45
B044	LV-KAD	R44
B045	LV-KAE	EC45
B047	LV-KAG	CL60
B048	LV-KAH	B738
B049	LV-KAI	B412
B04B	LV-KAK	SR22
B04D	LV-KAM	P28A
B04E	LV-KAN	A332
B04F	LV-KAO	A332
B051	LV-KAQ	P212
B052	LV-KAR	SR22
B054	LV-KAT	BE20
B056	LV-KAV	PA46
B058	LV-KAX	GLF5
B059	LV-KAY	B738
B084	LV-KBD	BE58
B085	LV-KBE	SR22
B088	LV-KBH	R44
B089	LV-KBI	BE20
B08B	LV-KBK	SR22
B08C	LV-KBL	SR22
B091	LV-KBQ	R22
B092	LV-KBR	C82R
B093	LV-KBS	BE20
B097	LV-KBW	M20P
B098	LV-KBX	AT5T
B09A	LV-KBZ	C550
B0C2	LV-KCB	SR22
B0C3	LV-KCC	SR22
B0C4	LV-KCD	B738
B0C5	LV-KCE	B738
B0C8	LV-KCH	SR22
B0C9	LV-KCI	SR22
B0CD	LV-KCM	C208
B0D0	LV-KCP	C680
B0D1	LV-KCQ	SR22
B0D4	LV-KCT	CL60
B0D5	LV-KCU	P208
B0D7	LV-KCW	BE20
B104	LV-KDD	TWEN
B106	LV-KDF	SIRA
B109	LV-KDI	F900
B10E	LV-KDN	PA46
B10F	LQ-KDO	EC45
B110	LV-KDP	A320
B111	LV-KDQ	B738
B112	LV-KDR	B738
B114	LV-KDT	BE20
B142	LV-KEB	GLF4
B145	LV-KEE	TWEN
B146	LV-KEF	B738
B147	LV-KEG	B738
B148	LV-KEH	B738
B149	LV-KEI	B38M
B14A	LV-KEJ	B38M
B14C	LV-KEL	LJ31
B14F	LV-KEO	C501
B151	LV-KEQ	P06T
B153	LV-KES	P46T
B157	LV-KEW	SR22
B182	LV-KFB	C560
B18C	LV-KFL	C550
B18F	LV-KFO	BE33
B197	LV-KFW	B738
B198	LV-KFX	A320
B1C6	LV-KGF	BE30
B1C9	LV-KGI	C152
B1CA	LV-KGJ	E550
B1CE	LV-KGN	B738
B1CF	LV-KGO	A320
B1D3	LV-KGS	BE20
B1D6	LV-KGV	C150
B1D7	LV-KGW	R66
B203	LV-KHC	C208
B20F	LV-KHO	B738
B211	LV-KHQ	B738
B214	LV-KHT	A332
B215	LV-KHU	A332
B216	LQ-KHV	AS50
B219	LV-KHY	SR22
B243	LV-KIC	R66
B244	LV-KID	B38M
B245	LV-KIE	C208
B248	LV-KIH	P28A
B24A	LV-KIJ	PA31
B24C	LV-KIL	SLG4
B24D	LV-KIM	TWEN
B24E	LV-KIN	T206
B252	LV-KIR	P46T
B254	LV-KIT	B38M
B255	LV-KIU	B38M
B256	LV-KIV	SR22
B281	LV-KJA	A320
B284	LV-KJD	B738
B285	LV-KJE	B738
B286	LV-KJF	B738
B288	LV-KJH	LJ31
B28A	LV-KJJ	LJ60
B28C	LV-KJL	P46T
B298	LV-KJX	SIRA
B299	LV-KJY	PC24
B2C3	LV-KKC	P212
B2C4	LV-KKD	B38M
B2C5	LV-KKE	B38M
B2CA	LV-KKJ	SR22
B2CC	LV-KKL	PA46
B2CF	LV-KKO	BE20
B2D3	LV-KKS	SIRA
B2D7	LV-KKW	BE20
B2DA	LV-KKZ	AT46
B301	LV-KLA	B412
B302	LV-KLB	GLF5
B305	LV-KLE	GL5T
B308	LV-KLH	GLF5
B30B	LV-KLK	TWEN
B30C	LV-KLL	BT36
B30D	LV-KLM	AT8T
B30F	LV-KLO	LJ60
B310	LV-KLP	C208
B312	LV-KLR	C208
B314	LV-KLT	SF50
B316	LV-KLV	LJ45
B343	LV-KMC	BT36
B359	LV-KMY	C25M
B390	LV-KNP	B38M
B391	LV-KNQ	B38M
B392	LV-KNR	B38M
B3C7	LV-KOG	C680
B3CD	LV-KOM	GLF5
B3D2	LQ-KOR	C56X
B3D9	LV-KOY	DH8D
C0CD	LV-LCM	P28A
C108	LV-LDH	PA27
C18C	LV-LFL	C150
C281	LV-LJA	P28A
C299	LV-LJY	C182
C4C9	LV-LSI	DHC6
C617	LV-LXW	P28R
D09A	LV-MBZ	AEST
D107	LV-MDG	PAY1
D147	LV-MEG	AEST
D148	LV-CFR	BE9L
D150	LV-MEP	PA31
D209	LV-MHI	BE55
D254	LV-MIT	C402
D293	LV-MJS	PA31
D302	LV-MLB	P28A
D348	LV-MMH	PA36
D386	LV-MNF	P32T
D387	LV-MNG	P32T
D390	LV-MNP	PA31
D3CE	LV-MON	C82R
D40A	LV-MPJ	PA34
D410	LV-MPP	BE36
D4CE	LV-MSN	AEST
D515	LV-MTU	PAY1
D518	LV-MTX	PA36
D64C	LV-MYL	C210
D68E	LV-MZN	C402
D68F	LV-MZO	C210
D692	LV-MZR	PA31
E082	LV-NBB	GLF4
E409	LV-NPI	PA12
E45A	LV-NQZ	L8
F087	LV-OBG	C310
F0CF	LV-OCO	C210
F189	LV-OFI	PA38
F18A	LV-OFJ	PA38
F194	LV-OFT	BE20
F1C6	LV-OGF	PAY1
F205	LV-OHE	C206
F283	LV-OJC	C82R
F285	LV-OJE	BE58
F4C4	LV-OSD	F2TH
F4D0	LV-OSP	FA7X
